product_id,product_name,category,brand,price,rating,total_orders,total_sales,total_quantity,total_profit,avg_selling_price
1.00,Astra Be,Clothing,Astra,157.889999389648,4.07999992370605,19,3789.36001586914,24,1136.80802612305,157.889999925045
2.00,NeoTech Someone,Groceries,NeoTech,21.4599990844727,3.86999988555908,26,901.319961547852,42,270.395988464356,21.4599990844727
3.00,Acme Discuss,Sports,Acme,265.369995117188,3.46000003814697,24,9022.57983398438,34,2706.77395019531,265.369995117188
4.00,Nimbus South,Electronics,Nimbus,541.409973144531,4.1399998664856,17,12452.4295043945,23,3735.72893676758,541.409975538067
5.00,Astra Capital,Home & Kitchen,Astra,198,3.97000002861023,22,7128,36,2138.4,198
6.00,NeoTech When,Toys,NeoTech,18.6100006103516,3.20000004768372,31,874.670028686523,47,262.401008605957,18.6100006103516
7.00,Zenith School,Toys,Zenith,81.1699981689453,2.60999989509583,35,3896.15991210938,48,1168.84797363281,81.1699981689453
8.00,Everest Friend,Clothing,Everest,33.8600006103516,2.9300000667572,19,981.940017700195,29,294.582005310059,33.8600006103516
9.00,Harbor Go,Home & Kitchen,Harbor,253.179992675781,4.44000005722046,24,8861.29974365234,35,2658.3899230957,253.179992675781
10.00,Orion Ahead,Sports,Orion,235.110000610352,3.47000002861023,23,8699.07009887695,37,2609.72108306885,235.110001716061
11.00,GreenLeaf They,Pet Supplies,GreenLeaf,2.99000000953674,2.76999998092651,29,125.580001115799,42,37.6740008354187,2.99000001775807
12.00,GreenLeaf Road,Electronics,GreenLeaf,1299.7099609375,3.60999989509583,24,44190.138671875,34,13257.0416015625,1299.7099609375
13.00,Harbor Others,Groceries,Harbor,19.0900001525879,4.5,19,458.160003662109,24,137.448001098633,19.0900001525879
14.00,Astra Anyone,Electronics,Astra,99.5599975585938,3.67000007629395,20,2588.55993652344,26,776.567980957031,99.5599975585938
15.00,GreenLeaf Common,Pet Supplies,GreenLeaf,58.1500015258789,3.5,22,1918.95002746582,33,575.684992218018,58.1500011790882
16.00,Zenith Current,Groceries,Zenith,9.52999973297119,4.67999982833862,18,228.719995498657,24,68.6159999847412,9.52999976829246
17.00,Solace Something,Books,Solace,25.6599998474121,3.63000011444092,18,667.160007476807,26,200.148010253906,25.6600000593397
18.00,Solace A,Home & Kitchen,Solace,47.1800003051758,3.05999994277954,30,1556.94000244141,33,467.081995391846,47.1800002204047
19.00,Acme Live,Automotive,Acme,225.869995117188,3.03999996185303,24,7905.44982910156,35,2371.63494873047,225.869995117188
20.00,Nimbus Yard,Automotive,Nimbus,492.809997558594,2.75,20,15769.9201049805,32,4730.97615966797,492.810000610352
21.00,Willow Special,Electronics,Willow,1772.35998535156,2.90000009536743,25,62032.5997314453,35,18609.780090332,1772.35998860677
22.00,Nimbus Sit,Clothing,Nimbus,37.6500015258789,4.53999996185303,19,941.250022888184,25,282.374996185303,37.6500012581809
23.00,Harbor Health,Groceries,Harbor,22.1100006103516,3.08999991416931,17,596.970016479492,27,179.091004943848,22.1100006103516
24.00,Harbor Who,Automotive,Harbor,529.539978027344,4.34999990463257,12,9002.17974853516,17,2700.65401000977,529.539981418186
25.00,Zenith About,Automotive,Zenith,631.840026855469,4.01999998092651,21,18955.2006225586,30,5686.56005859375,631.840023949033
26.00,Pulse Such,Automotive,Pulse,742.469970703125,2.84999990463257,18,17819.279296875,24,5345.7837890625,742.469970703125
27.00,Willow Evening,Toys,Willow,61.5900001525879,2.70000004768372,34,3264.27003097534,53,979.281025314331,61.5900003769818
28.00,Astra Road,Automotive,Astra,313.890014648438,2.55999994277954,21,8161.14031982422,26,2448.34205322266,313.890013679625
29.00,Solace Player,Automotive,Solace,357.869995117188,4.32000017166138,20,10020.3598632813,28,3006.10795898438,357.869995117188
30.00,Willow Budget,Clothing,Willow,139.449996948242,3.9300000667572,17,2928.44995117188,21,878.534996032715,139.449997247434
31.00,Pulse The,Books,Pulse,37.0099983215332,3.36999988555908,21,1073.28995513916,29,321.986989212036,37.009998382084
32.00,Orion Itself,Clothing,Orion,265.989990234375,3.75,24,8511.6796875,32,2553.50390625,265.989990234375
33.00,Pulse Officer,Toys,Pulse,44.4599990844727,3.59999990463257,17,1067.03999328613,24,320.112008666992,44.4599993836646
34.00,Everest Figure,Automotive,Everest,260.019989013672,3.86999988555908,23,9620.73971557617,37,2886.22200012207,260.019990782807
35.00,Everest Choose,Electronics,Everest,438.459991455078,4.63000011444092,30,16223.019744873,37,4866.90596618652,438.459992133246
36.00,Orion Laugh,Sports,Orion,81.879997253418,3.64000010490417,24,2702.03992462158,33,810.611988067627,81.8799974653456
37.00,Orion Approach,Pet Supplies,Orion,44.4000015258789,3.05999994277954,21,1376.40002441406,31,412.91999130249,44.4000011625744
38.00,Astra Enter,Toys,Astra,44.2299995422363,3.84999990463257,14,707.679992675781,16,212.303997802734,44.2299995422363
39.00,NeoTech A,Clothing,NeoTech,33.4099998474121,4.75,17,668.200000762939,20,200.46000289917,33.4099999222101
40.00,Acme Night,Home & Kitchen,Acme,350.410003662109,4.73999977111816,18,8760.25,25,2628.07493591309,350.410001966688
41.00,Harbor Recent,Books,Harbor,94.3499984741211,2.86999988555908,20,2453.09995269775,26,735.92998046875,94.3499983469645
42.00,NeoTech Power,Toys,NeoTech,36.9500007629395,4.48999977111816,27,1219.3500213623,33,365.805003738403,36.9500007158444
43.00,Acme Significant,Clothing,Acme,148.550003051758,3.66000008583069,21,4605.05004882813,31,1381.51498260498,148.550002325149
44.00,NeoTech Possible,Toys,NeoTech,53.5099983215332,2.70000004768372,26,1872.84994888306,35,561.854990005493,53.5099984193459
45.00,Nimbus Wrong,Automotive,Nimbus,36.3400001525879,4.80999994277954,25,1271.89999771118,35,381.569993972778,36.3400000508626
46.00,Pulse Project,Pet Supplies,Pulse,19.0900001525879,4.51999998092651,33,916.320007324219,48,274.896002197266,19.0900001525879
47.00,Acme Together,Beauty,Acme,94.7099990844727,3.71000003814697,23,2936.00999450684,31,880.80301437378,94.7099994161855
48.00,NeoTech Major,Books,NeoTech,70.3300018310547,4.69000005722046,20,1687.92004394531,24,506.376013183594,70.3300018310547
49.00,NeoTech Help,Home & Kitchen,NeoTech,12.7200002670288,4.59999990463257,25,470.640006065369,37,141.191999149322,12.7200002161662
50.00,Everest Easy,Clothing,Everest,108.180000305176,4.17000007629395,18,2704.50002288818,25,811.350017547608,108.180000587746
51.00,Zenith Economy,Electronics,Zenith,840.010009765625,3.23000001907349,26,33600.400390625,40,10080.1201171875,840.010009765625
52.00,Nimbus To,Sports,Nimbus,138.889999389648,3.17000007629395,29,5277.82002258301,38,1583.34603881836,138.889999915814
53.00,Willow Item,Automotive,Willow,100.809997558594,4.55000019073486,27,4133.20989990234,41,1239.9629699707,100.809997558594
54.00,GreenLeaf Hair,Automotive,GreenLeaf,435.869995117188,4.03999996185303,23,15255.4498291016,35,4576.63494873047,435.869995117188
55.00,Astra Our,Electronics,Astra,949.72998046875,3.50999999046326,19,22793.51953125,24,6838.055859375,949.72998046875
56.00,Astra One,Groceries,Astra,16.7800006866455,2.89000010490417,23,587.300016403198,35,176.189999580383,16.7800005760746
57.00,Zenith What,Beauty,Zenith,73.7099990844727,3.3199999332428,22,2358.71999359131,32,707.616014099121,73.7099994312633
58.00,Astra Power,Electronics,Astra,788.210021972656,3.41000008583069,15,18128.8299560547,23,5438.64860229492,788.210009765625
59.00,Orion Short,Clothing,Orion,176.479995727539,3.98000001907349,17,3882.55992126465,22,1164.76798706055,176.479996026731
60.00,Nimbus Interesting,Toys,Nimbus,81.5699996948242,2.55999994277954,15,1794.54001617432,22,538.362020874024,81.5700002034505
61.00,Astra Fly,Automotive,Astra,369.869995117188,3.66000008583069,25,11835.83984375,32,3550.751953125,369.869995117188
62.00,Willow Room,Pet Supplies,Willow,52.5400009155273,2.84999990463257,22,1523.66000366211,29,457.097985076904,52.5400005687367
63.00,Pulse Eight,Groceries,Pulse,18.7700004577637,3.32999992370605,26,619.410015106201,33,185.82300453186,18.7700004577637
64.00,NeoTech Commercial,Sports,NeoTech,151.029998779297,3.98000001907349,16,3775.74996948242,25,1132.72499084473,151.029998779297
65.00,Astra Community,Toys,Astra,32.0900001525879,4.26000022888184,21,1058.96998977661,33,317.690986251831,32.0899999103849
66.00,GreenLeaf Spring,Books,GreenLeaf,42.8899993896484,4.69000005722046,18,1072.24998474121,25,321.674995422363,42.8899993896484
67.00,Acme Their,Books,Acme,16.1299991607666,3.13000011444092,15,338.729986190796,21,101.618998527527,16.1299992455377
68.00,Acme Fire,Clothing,Acme,46.3600006103516,3.75999999046326,20,1437.1600189209,31,431.14800567627,46.3600006103516
69.00,Harbor Student,Pet Supplies,Harbor,106.98999786377,3.08999991416931,17,2674.74995422363,25,802.424991607666,106.989998013365
70.00,Solace Other,Electronics,Solace,802.450012207031,3.67000007629395,17,16851.4502563477,21,5055.4350769043,802.450012207031
71.00,Willow Approach,Clothing,Willow,138.820007324219,3.75999999046326,21,4164.60015869141,30,1249.38000488281,138.820006355407
72.00,GreenLeaf West,Groceries,GreenLeaf,39.5900001525879,3.01999998092651,22,1385.64999008179,35,415.694986343384,39.5899999213941
73.00,Harbor Authority,Toys,Harbor,46.810001373291,3.99000000953674,20,1357.49000549316,29,407.246977615356,46.8100008010864
74.00,Willow Week,Toys,Willow,40.2400016784668,4.51999998092651,30,1569.36006164551,39,470.808015823364,40.2400016360813
75.00,Everest Look,Automotive,Everest,143.789993286133,4.46000003814697,24,5032.64981079102,35,1509.79497528076,143.789993921916
76.00,Nimbus Test,Beauty,Nimbus,137.880004882813,3.47000002861023,20,4274.28015136719,31,1282.28404541016,137.880004882813
77.00,Solace Particular,Toys,Solace,27.2099990844727,3.91000008583069,32,1224.44995880127,45,367.334987640381,27.2099990844727
78.00,Willow Determine,Automotive,Willow,344.260009765625,3.40000009536743,31,14803.1804199219,43,4440.95412597656,344.260009765625
79.00,Orion However,Pet Supplies,Orion,71.2900009155273,3.22000002861023,20,1853.54001617432,26,556.061999511719,71.2900007883708
80.00,Acme Discuss,Pet Supplies,Acme,24.5200004577637,3.42000007629395,20,735.600002288818,30,220.679992675781,24.5200002670288
81.00,Zenith Great,Toys,Zenith,13.1199998855591,4.15000009536743,20,327.999998092651,25,98.4000000953674,13.1199999014537
82.00,Acme Special,Groceries,Acme,2.92000007629395,4.55999994277954,21,75.9200019836426,26,22.7760005950928,2.92000007629395
83.00,Harbor Spring,Toys,Harbor,126.23999786377,4.19999980926514,23,3660.95994567871,29,1098.28798904419,126.23999797434
84.00,Orion Firm,Groceries,Orion,4.51000022888184,4.44000005722046,28,153.340006828308,34,46.0020013809204,4.51000021752857
85.00,Astra Make,Automotive,Astra,462.619995117188,3.21000003814697,20,12953.3598632813,28,3886.00795898438,462.619995117188
86.00,Orion And,Pet Supplies,Orion,5.53999996185303,4.63000011444092,24,199.440002441406,36,59.8320034027099,5.54000001483493
87.00,Pulse Fine,Home & Kitchen,Pulse,339.429992675781,3.38000011444092,19,9504.03979492188,28,2851.21193847656,339.429992675781
88.00,Everest As,Clothing,Everest,78.1100006103516,4.28999996185303,23,2811.96002197266,36,843.588006591797,78.1100006103516
89.00,Harbor Necessary,Sports,Harbor,43.4300003051758,3.54999995231628,15,781.740005493164,18,234.522001647949,43.4300003051758
90.00,Pulse Arm,Groceries,Pulse,3.69000005722046,2.86999988555908,20,107.010000705719,29,32.1029995441437,3.69000004132589
91.00,Orion Involve,Books,Orion,69.0699996948242,3.44000005722046,23,1864.88999176025,27,559.466997528076,69.0699996948242
92.00,Willow Economy,Beauty,Willow,177.949996948242,3.30999994277954,20,5160.54988098145,29,1548.16494293213,177.949996439616
93.00,NeoTech Peace,Sports,NeoTech,202.300003051758,3.84999990463257,12,3439.10005187988,17,1031.73001556397,202.300003051758
94.00,Solace Ten,Sports,Solace,41.4900016784668,3.59999990463257,26,1742.58005905151,42,522.77400970459,41.4900015317477
95.00,NeoTech Certainly,Clothing,NeoTech,121.019996643066,4.88000011444092,31,4840.79987335205,40,1452.23996734619,121.019996725103
96.00,Orion Record,Pet Supplies,Orion,53.1599998474121,4.15000009536743,18,1647.95997619629,31,494.387979507446,53.1599994941994
97.00,Zenith Movie,Groceries,Zenith,31.9400005340576,4.65000009536743,16,830.440008163452,26,249.131998443604,31.9400004148483
98.00,Nimbus Computer,Beauty,Nimbus,63.310001373291,3.94000005722046,21,1899.30000686646,30,569.789978027344,63.3100008283343
99.00,GreenLeaf Effort,Groceries,GreenLeaf,24.6000003814697,4.26000022888184,17,565.800012588501,23,169.740006446838,24.6000004562677
100.00,Nimbus Night,Books,Nimbus,53.3899993896484,4.01000022888184,22,2402.54997253418,45,720.764991760254,53.3899993896484
101.00,Willow Cultural,Clothing,Willow,32.689998626709,2.69000005722046,22,882.629962921143,27,264.788988876343,32.689998626709
102.00,Pulse Surface,Groceries,Pulse,6.15999984741211,4.78000020980835,30,258.719993591309,42,77.6159980773926,6.15999984741211
103.00,Harbor Two,Books,Harbor,13.7700004577637,2.70000004768372,21,385.560012817383,28,115.668003845215,13.7700004577637
104.00,Solace Interesting,Beauty,Solace,40.3800010681152,2.97000002861023,29,1534.44003295898,38,460.332004547119,40.3800009804211
105.00,Acme Lead,Sports,Acme,146.490005493164,3.91000008583069,27,4980.66015625,34,1494.1980255127,146.490005116404
106.00,Acme Sport,Toys,Acme,86.5899963378906,4.01999998092651,18,2337.92990112305,27,701.378970336914,86.5899963378906
107.00,GreenLeaf Throughout,Books,GreenLeaf,118.51000213623,2.84999990463257,31,5214.44007110596,44,1564.33200531006,118.510001890121
108.00,Willow Fall,Pet Supplies,Willow,41.439998626709,4.19000005722046,21,1201.75996780396,29,360.527995681763,41.4399987478105
109.00,Everest Interesting,Clothing,Everest,188.179992675781,4.30999994277954,21,5645.39978027344,30,1693.61993408203,188.179992675781
110.00,Zenith Coach,Clothing,Zenith,154.669998168945,2.5,14,2784.05996704102,18,835.217990112305,154.669998168945
111.00,GreenLeaf Bar,Clothing,GreenLeaf,55.2099990844727,3.85999989509583,29,2153.18997955322,39,645.957004547119,55.209999259861
112.00,Orion Surface,Sports,Orion,65.2099990844727,2.69000005722046,24,2086.71998596191,32,626.016006469727,65.2099992964003
113.00,Harbor Until,Clothing,Harbor,22.5499992370605,4.3899998664856,16,586.299987792969,26,175.890001678467,22.5499993960063
114.00,Zenith Create,Electronics,Zenith,805.150024414063,4.1399998664856,16,15297.8504638672,19,4589.35513916016,805.150024414063
115.00,Astra President,Books,Astra,28.9899997711182,4.23999977111816,19,840.709997177124,29,252.213001823425,28.9899998380427
116.00,Acme Stock,Home & Kitchen,Acme,128.309997558594,2.95000004768372,20,4105.919921875,32,1231.7759765625,128.309997558594
117.00,Acme Pattern,Books,Acme,20.7999992370605,4.75,23,686.399990081787,33,205.920007705689,20.7999994582024
118.00,NeoTech Professor,Groceries,NeoTech,13.1300001144409,2.80999994277954,28,498.940001487732,38,149.681998443604,13.1300000815556
119.00,Pulse Order,Clothing,Pulse,265.209991455078,4.76999998092651,15,5038.98986816406,19,1511.69698181152,265.209992133247
120.00,Zenith White,Clothing,Zenith,176.190002441406,2.79999995231628,23,5638.080078125,32,1691.4240234375,176.190002441406
121.00,Everest Food,Home & Kitchen,Everest,390.290008544922,4.28000020980835,13,7415.51010131836,19,2224.6529876709,390.290006979918
122.00,NeoTech Tell,Toys,NeoTech,10.6199998855591,4.28999996185303,17,233.639999389648,22,70.0920011520386,10.6199999229581
123.00,Solace Everyone,Clothing,Solace,244.440002441406,3.38000011444092,24,9044.28009033203,37,2713.28402709961,244.440002441406
124.00,Everest Yes,Home & Kitchen,Everest,36.3199996948242,2.84999990463257,18,907.999992370605,25,272.399997711182,36.3199996948242
125.00,Orion Gas,Beauty,Orion,59.5499992370605,4.01000022888184,23,1667.3999786377,28,500.219993591309,59.5499992370605
126.00,Willow Arm,Sports,Willow,423.570007324219,4.71999979019165,19,9318.54010009766,22,2795.56198730469,423.570006253427
127.00,Willow May,Home & Kitchen,Willow,255.940002441406,3.44000005722046,22,7166.32006835938,28,2149.89602050781,255.940002441406
128.00,Everest Smile,Clothing,Everest,55.25,4.73999977111816,16,1215.5,22,364.65,55.25
129.00,Willow Woman,Beauty,Willow,138.5,4.55000019073486,24,4293.5,31,1288.05,138.5
130.00,NeoTech Onto,Clothing,NeoTech,152.630004882813,2.77999997138977,25,4731.53015136719,31,1419.45904541016,152.630004882813
131.00,NeoTech Everybody,Automotive,NeoTech,329.140014648438,4.28999996185303,25,12178.1803588867,37,3653.45397949219,329.140012207031
132.00,Willow Recently,Clothing,Willow,135.869995117188,2.55999994277954,17,3396.74987792969,25,1019.02496337891,135.869995117188
133.00,Solace Team,Pet Supplies,Solace,25.9699993133545,4.21000003814697,33,1142.67998123169,44,342.804002380371,25.9699994289514
134.00,Orion Such,Automotive,Orion,495.760009765625,4.05999994277954,21,14377.0402832031,29,4313.11208496094,495.760009765625
135.00,NeoTech Society,Sports,NeoTech,49.4099998474121,3.84999990463257,20,1185.83999252319,24,355.75199508667,49.4099997838338
136.00,Zenith Phone,Electronics,Zenith,2169.97998046875,4.38000011444092,19,56419.4794921875,26,16925.8438476562,2169.97998046875
137.00,Willow Such,Automotive,Willow,441.369995117188,2.58999991416931,24,16330.6898193359,37,4899.20694580078,441.369995117188
138.00,Pulse True,Home & Kitchen,Pulse,57.5200004577637,4.05999994277954,17,1265.4400062561,22,379.631999206543,57.5200003829657
139.00,Harbor Able,Home & Kitchen,Harbor,335.609985351563,4.21000003814697,20,8054.63970947266,24,2416.39195556641,335.609986368815
140.00,NeoTech Center,Pet Supplies,NeoTech,20.9300003051758,3.77999997138977,23,648.830009460449,31,194.649002838135,20.9300003051758
141.00,Harbor Since,Automotive,Harbor,332.570007324219,3.41000008583069,26,11307.3802490234,34,3392.21407470703,332.570007324219
142.00,Zenith Way,Clothing,Zenith,205.729995727539,4.65000009536743,14,4114.59994506836,20,1234.38000488281,205.729996454148
143.00,Astra Pressure,Home & Kitchen,Astra,96.7600021362305,2.51999998092651,22,2806.04004669189,29,841.812003326416,96.7600019050367
144.00,GreenLeaf Interview,Automotive,GreenLeaf,224.429992675781,4.19999980926514,30,10099.3496704102,45,3029.80490112305,224.429992675781
145.00,Willow Him,Home & Kitchen,Willow,219.690002441406,4.76999998092651,26,9007.29010009766,41,2702.1870300293,219.690002441406
146.00,Astra Policy,Toys,Astra,15.8500003814697,2.52999997138977,19,412.100008010864,26,123.630001068115,15.8500003480075
147.00,NeoTech Beat,Toys,NeoTech,52.3300018310547,4.28999996185303,24,1622.2300567627,31,486.669017028809,52.3300018310547
148.00,GreenLeaf Medical,Toys,GreenLeaf,68.120002746582,2.90000009536743,21,1566.76006317139,23,470.028018951416,68.120002746582
149.00,Nimbus Where,Automotive,Nimbus,323.140014648438,4.5,26,11633.0404663086,36,3489.91209716797,323.140013865936
150.00,Pulse Kitchen,Clothing,Pulse,70.8399963378906,2.58999991416931,20,1841.83992004395,26,552.551986694336,70.8399965922038
151.00,Solace Be,Groceries,Solace,23.3700008392334,3.52999997138977,18,654.360015869141,28,196.307999420166,23.3700006979483
152.00,Zenith Soon,Sports,Zenith,299.660003662109,4.6399998664856,34,14683.3401184082,49,4405.00199279785,299.660003063725
153.00,Pulse Care,Automotive,Pulse,147.470001220703,2.59999990463257,21,3834.22003173828,26,1150.26600952148,147.470001220703
154.00,Harbor Bill,Toys,Harbor,32.060001373291,4.21000003814697,19,961.800029754639,30,288.540000915527,32.0600011725175
155.00,Harbor Firm,Books,Harbor,12.1700000762939,3.0699999332428,20,340.759996414185,28,102.227994918823,12.1699999809265
156.00,Harbor Difference,Books,Harbor,51.5200004577637,4.34000015258789,23,1391.04000854492,27,417.311999893189,51.5200004024782
157.00,GreenLeaf Ask,Beauty,GreenLeaf,195.210006713867,4.01999998092651,21,5856.30018615723,30,1756.89004516602,195.210006471664
158.00,Zenith Accept,Sports,Zenith,314.579986572266,4.01999998092651,18,8179.07965087891,26,2453.72389526367,314.579986572266
159.00,Nimbus Stock,Sports,Nimbus,146.050003051758,2.60999989509583,17,3213.10005187988,22,963.930004882812,146.050002752566
160.00,Acme Cold,Electronics,Acme,259.690002441406,2.73000001907349,21,8050.39007568359,31,2415.11702270508,259.690002441406
161.00,NeoTech Weight,Electronics,NeoTech,701.359985351563,3.42000007629395,21,19638.0798339844,28,5891.42412109375,701.359989226811
162.00,Orion Most,Clothing,Orion,151.389999389648,3.99000000953674,19,3936.14002990723,26,1180.84204101563,151.390000192743
163.00,GreenLeaf Simply,Beauty,GreenLeaf,31.4400005340576,3.83999991416931,21,974.64001083374,31,292.39199924469,31.4400004432315
164.00,Astra Town,Books,Astra,60.8499984741211,2.80999994277954,28,2494.84996795654,41,748.455011749267,60.8499988374256
165.00,Solace Difference,Electronics,Solace,295.269989013672,3.84999990463257,19,8267.55975341797,28,2480.26796875,295.269990084464
166.00,Harbor Significant,Toys,Harbor,103.349998474121,3.11999988555908,17,2893.7999420166,28,868.139971923828,103.349998174929
167.00,Pulse Answer,Sports,Pulse,28.5300006866455,4.40000009536743,15,627.660009384155,22,188.297998809814,28.5300005594889
168.00,Nimbus If,Sports,Nimbus,298.040008544922,3.97000002861023,10,5066.68008422852,17,1520.00398254395,298.040006510417
169.00,Acme Production,Books,Acme,21.3600006103516,3.90000009536743,16,448.560012817383,21,134.568003845215,21.3600006103516
170.00,NeoTech Imagine,Toys,NeoTech,20.1900005340576,3.5699999332428,15,363.420007705688,18,109.026000976563,20.1900004916721
171.00,Astra Protect,Toys,Astra,47.3300018310547,3.24000000953674,23,1561.8900604248,33,468.567018127441,47.3300018310547
172.00,Harbor Natural,Home & Kitchen,Harbor,53.7999992370605,2.52999997138977,29,1990.59996795654,37,597.179987716675,53.7999991932135
173.00,Harbor Itself,Clothing,Harbor,30.3199996948242,4.40000009536743,15,485.119995117188,16,145.535998535156,30.3199996948242
174.00,Zenith Run,Electronics,Zenith,960.739990234375,3.08999991416931,21,29782.9396972656,31,8934.88190917969,960.739990234375
175.00,GreenLeaf Company,Automotive,GreenLeaf,22.4400005340576,3.03999996185303,27,830.280014038086,37,249.084000205994,22.4400004634151
176.00,Orion Rock,Toys,Orion,111.480003356934,4.80000019073486,14,2564.04006195068,23,769.212007904053,111.480002993629
177.00,Astra Visit,Beauty,Astra,17.3500003814697,3.51999998092651,16,329.650005340576,19,98.8950002670288,17.3500003417333
178.00,Solace Easy,Beauty,Solace,145.190002441406,4.73999977111816,29,5517.22009277344,38,1655.16602783203,145.190002441406
179.00,NeoTech Movement,Home & Kitchen,NeoTech,172.419998168945,3.27999997138977,26,6724.37997436523,39,2017.31402435303,172.419998755822
180.00,Orion Upon,Home & Kitchen,Orion,400.200012207031,3.42000007629395,26,17208.6000976563,43,5162.57973022461,400.200006729517
181.00,Willow Box,Automotive,Willow,763.340026855469,2.71000003814697,17,15266.8004760742,20,4580.04010009766,763.340025658701
182.00,Acme Cause,Books,Acme,9.27000045776367,2.82999992370605,21,278.100008010864,30,83.4299983978271,9.27000036693755
183.00,Orion Like,Groceries,Orion,3.36999988555908,4.26000022888184,19,77.5099973678589,23,23.2529992103577,3.36999988555908
184.00,Astra Maintain,Toys,Astra,21.3799991607666,4.48999977111816,22,662.779977798462,31,198.833996009827,21.379999218565
185.00,Orion Guy,Toys,Orion,69.6399993896484,2.76999998092651,30,3273.07997131348,47,981.923991394044,69.6399993896484
186.00,NeoTech Not,Electronics,NeoTech,231.149993896484,3.70000004768372,23,6934.49984741211,30,2080.34997558594,231.149994338768
187.00,Harbor For,Sports,Harbor,134.5,4.84000015258789,13,2824.5,21,847.35,134.5
188.00,Zenith Direction,Pet Supplies,Zenith,12.3999996185303,2.69000005722046,24,421.599994659424,34,126.480003738403,12.3999997244941
189.00,Astra Agree,Pet Supplies,Astra,4.19000005722046,3.15000009536743,24,167.599999427795,40,50.2799978256225,4.19000001748403
190.00,Solace With,Pet Supplies,Solace,34.939998626709,3.25,21,978.319965362549,28,293.495992279053,34.9399986872597
191.00,GreenLeaf Produce,Toys,GreenLeaf,47.1399993896484,3.64000010490417,23,1319.91998291016,28,395.975994873047,47.1399993896484
192.00,Pulse Near,Electronics,Pulse,455.429992675781,4.88000011444092,24,12296.6098632813,27,3688.98300170898,455.429993523492
193.00,Everest Nearly,Automotive,Everest,794.72998046875,4.21000003814697,24,31789.19921875,40,9536.759765625,794.72998046875
194.00,Nimbus Consider,Toys,Nimbus,59.6500015258789,4.82999992370605,24,2087.75003814697,35,626.325000762939,59.6500013139513
195.00,Willow Study,Clothing,Willow,72.6900024414063,3.64000010490417,24,2326.080078125,32,697.8240234375,72.6900024414063
196.00,Willow Expert,Beauty,Willow,11.8299999237061,3.38000011444092,19,260.260000228882,22,78.0780014038086,11.8299999571683
197.00,Astra Brother,Pet Supplies,Astra,20.8400001525879,4.46999979019165,24,666.880004882813,32,200.064001464844,20.8400001525879
198.00,Orion Face,Electronics,Orion,1352.63000488281,4.65999984741211,29,54105.1999511719,40,16231.5598144531,1352.6300020766
199.00,Zenith While,Groceries,Zenith,10.3500003814697,4.19000005722046,26,372.600008010864,36,111.779998397827,10.3500003081102
200.00,Zenith Story,Groceries,Zenith,13.8500003814697,3.36999988555908,13,263.150003433228,19,78.9449983596802,13.850000283657
201.00,Willow Something,Toys,Willow,23.7600002288818,4.59999990463257,20,617.760004043579,26,185.32799987793,23.7600001970927
202.00,Harbor Body,Groceries,Harbor,26.2800006866455,3.50999999046326,16,551.88000869751,21,165.563998603821,26.2800005674362
203.00,Everest Drop,Groceries,Everest,31.0799999237061,4.09999990463257,16,870.239992141724,28,261.071993637085,31.0799998044968
204.00,Orion Last,Pet Supplies,Orion,112.830001831055,2.76999998092651,21,3159.24005126953,28,947.77201538086,112.830001831055
205.00,Pulse The,Toys,Pulse,68.8099975585938,3.50999999046326,20,1857.86993408203,27,557.36098022461,68.8099975585938
206.00,Orion Pm,Automotive,Orion,202.110000610352,4.46999979019165,23,6265.41004943848,31,1879.62303619385,202.110001052635
207.00,GreenLeaf Painting,Clothing,GreenLeaf,227.279998779297,3.40000009536743,17,4772.88000488281,21,1431.86402282715,227.279999377681
208.00,Solace Move,Automotive,Solace,826.179992675781,2.71000003814697,27,25611.5798339844,31,7683.47399291992,826.179993429302
209.00,Zenith Within,Clothing,Zenith,144.550003051758,3.20000004768372,22,4191.9500579834,29,1257.58499603272,144.55000258937
210.00,Nimbus Little,Toys,Nimbus,253.940002441406,4.19000005722046,29,9903.66009521484,39,2971.09802856445,253.940002441406
211.00,Acme Performance,Toys,Acme,104.680000305176,4.67999982833862,24,3977.84003448486,38,1193.35202636719,104.680000623067
212.00,Acme Air,Electronics,Acme,246.309997558594,3.44000005722046,22,7389.29992675781,30,2216.78997802734,246.309997558594
213.00,NeoTech Reason,Pet Supplies,NeoTech,22.25,3.04999995231628,17,667.5,30,200.25,22.25
214.00,Everest Even,Home & Kitchen,Everest,191.690002441406,2.52999997138977,19,5750.70007324219,30,1725.21002197266,191.690002441406
215.00,Orion High,Pet Supplies,Orion,34.2799987792969,3.07999992370605,25,1199.79995727539,35,359.939987182617,34.2799987792969
216.00,Pulse Serious,Sports,Pulse,295.049987792969,4.8600001335144,27,12982.1997070313,44,3894.66008300781,295.049990699405
217.00,Zenith Follow,Clothing,Zenith,101.569999694824,3.6800000667572,23,2945.52998352051,29,883.658989715577,101.569999584253
218.00,Harbor Last,Electronics,Harbor,234.990005493164,2.9300000667572,28,9164.61003112793,39,2749.38288116455,234.990003313337
219.00,NeoTech Film,Pet Supplies,NeoTech,82.1999969482422,2.96000003814697,18,1972.79992675781,24,591.839978027344,82.1999969482422
220.00,Everest Team,Electronics,Everest,184.850006103516,3.14000010490417,23,5545.50015258789,30,1663.65002441406,184.850005661232
221.00,Nimbus Customer,Groceries,Nimbus,22.4699993133545,4.15000009536743,17,539.279989242554,24,161.784000778198,22.4699994255515
222.00,Harbor Miss,Beauty,Harbor,21.8500003814697,3.25999999046326,21,830.300025939941,38,249.090015792847,21.850000563122
223.00,Solace Six,Clothing,Solace,56.9199981689453,3.95000004768372,21,1479.91995239258,26,443.975985717773,56.9199981689453
224.00,Astra Else,Automotive,Astra,88.9599990844727,2.51999998092651,22,2935.68000030518,33,880.704021453858,88.9599995468602
225.00,GreenLeaf Newspaper,Electronics,GreenLeaf,527.869995117188,3.96000003814697,24,19531.1898193359,37,5859.35694580078,527.869995117188
226.00,Solace School,Clothing,Solace,118.330001831055,2.79999995231628,19,3076.58004760742,26,922.974014282227,118.330001831055
227.00,Solace Risk,Home & Kitchen,Solace,238.610000610352,3.47000002861023,26,8828.57006835938,37,2648.57105255127,238.610001197228
228.00,Everest Tv,Automotive,Everest,253.789993286133,3.25,18,6090.95985412598,24,1827.28796691895,253.789993568703
229.00,Acme Run,Pet Supplies,Acme,5.59000015258789,2.51999998092651,19,156.520004272461,28,46.9560012817383,5.59000015258789
230.00,Astra Well,Clothing,Astra,174.940002441406,2.63000011444092,21,5598.080078125,32,1679.4240234375,174.940002441406
231.00,Zenith Behavior,Electronics,Zenith,178.960006713867,3.26999998092651,29,6621.5202331543,37,1986.45605926514,178.960006538479
232.00,Solace Interview,Home & Kitchen,Solace,180.699996948242,4.25,17,3794.69993591309,21,1138.40998077393,180.699996948242
233.00,Zenith Might,Sports,Zenith,173.940002441406,2.64000010490417,29,6957.60009765625,40,2087.28002929687,173.940002441406
234.00,NeoTech Fear,Electronics,NeoTech,375.369995117188,3.58999991416931,16,6756.65991210938,18,2026.99797363281,375.369995117188
235.00,Everest Minute,Home & Kitchen,Everest,628.130004882813,4.15000009536743,16,13190.7301025391,21,3957.21903076172,628.130004882813
236.00,NeoTech Process,Pet Supplies,NeoTech,42.7599983215332,2.77999997138977,25,1496.59995269775,35,448.97999382019,42.7599984741211
237.00,Zenith Thus,Automotive,Zenith,191.889999389648,2.97000002861023,28,7291.81993103027,38,2187.54594726563,191.889998844692
238.00,Harbor Follow,Sports,Harbor,168.050003051758,3.88000011444092,24,7226.15002441406,43,2167.84493255615,168.050001568264
239.00,Zenith Commercial,Sports,Zenith,180.399993896484,2.91000008583069,25,6494.39984130859,36,1948.31999511719,180.399994710286
240.00,Astra Model,Sports,Astra,13.4899997711182,2.91000008583069,21,431.680000305176,32,129.504005432129,13.4899998922197
241.00,Orion Idea,Clothing,Orion,148.449996948242,4.55000019073486,25,5195.74993896484,35,1558.72501373291,148.449997558594
242.00,Astra Number,Pet Supplies,Astra,51.9599990844727,2.90000009536743,16,1091.15998077393,21,327.347994232178,51.9599990844727
243.00,Zenith Hope,Home & Kitchen,Zenith,159.880004882813,3.22000002861023,21,4476.64013671875,28,1342.99204101563,159.880004882813
244.00,Everest Sell,Books,Everest,69.2900009155273,4.07999992370605,33,3672.36999511719,53,1101.71096115112,69.2900003760752
245.00,Astra Get,Home & Kitchen,Astra,221.479995727539,4.6100001335144,14,4872.55995178223,22,1461.76801757813,221.479996817453
246.00,Willow Because,Automotive,Willow,216.580001831055,3.89000010490417,22,7796.8800201416,36,2339.06397399902,216.580001137473
247.00,Solace Finish,Books,Solace,10.1999998092651,3.75999999046326,29,377.399994850159,37,113.219999790192,10.1999998311887
248.00,Solace Street,Beauty,Solace,40.5400009155273,2.50999999046326,33,1945.92004394531,48,583.776013183594,40.5400009155273
249.00,NeoTech Husband,Books,NeoTech,64.7600021362305,2.83999991416931,21,2007.56004333496,31,602.26799697876,64.760001772926
250.00,Harbor Seek,Sports,Harbor,162.910003662109,3.13000011444092,14,3095.29006958008,19,928.587020874024,162.910003662109
251.00,Solace Bill,Beauty,Solace,64.8199996948242,2.71000003814697,32,2333.51998901367,36,700.055996704102,64.8199996948242
252.00,NeoTech Class,Pet Supplies,NeoTech,46.5900001525879,3.34999990463257,17,1304.52001190186,28,391.356008911133,46.5900003021839
253.00,Harbor Reduce,Groceries,Harbor,46.4000015258789,3.40000009536743,21,1392.00003814697,30,417.600006103516,46.4000014047774
254.00,Everest Simple,Pet Supplies,Everest,109.050003051758,2.70000004768372,25,4580.10003662109,42,1374.02994689941,109.050001831055
255.00,NeoTech Well,Beauty,NeoTech,71.9100036621094,4.17999982833862,26,2444.94009399414,34,733.482006835938,71.9100032708584
256.00,Orion Treat,Automotive,Orion,664.919982910156,4,26,23937.1195678711,36,7181.13599853516,664.919985257662
257.00,Zenith Film,Sports,Zenith,220.649993896484,3.22000002861023,22,7281.4499206543,33,2184.43506164551,220.649995746035
258.00,Orion Trouble,Groceries,Orion,11.3400001525879,4.46000003814697,19,340.200004577637,30,102.060001373291,11.3400001525879
259.00,Orion Financial,Sports,Orion,166.860000610352,4.42000007629395,16,3337.20001220703,20,1001.16000366211,166.860000610352
260.00,Harbor System,Groceries,Harbor,24.1100006103516,4.67999982833862,13,433.980010986328,18,130.194003295898,24.1100006103516
261.00,Orion Indicate,Books,Orion,54.6500015258789,2.65000009536743,29,2186.00005340576,40,655.800010681152,54.6500014381847
262.00,Astra Hear,Home & Kitchen,Astra,186.399993896484,3.66000008583069,21,5591.99987792969,30,1677.60000610352,186.399994865296
263.00,Solace Most,Groceries,Solace,12.7600002288818,3.47000002861023,28,446.600004196167,35,133.979998588562,12.7600001834688
264.00,Acme Account,Electronics,Acme,1006.46997070313,3.0699999332428,20,24155.279296875,24,7246.5837890625,1006.46997070313
265.00,GreenLeaf Move,Home & Kitchen,GreenLeaf,163.190002441406,4.51999998092651,34,8159.50012207031,50,2447.85003662109,163.190002441406
266.00,Astra Success,Home & Kitchen,Astra,45.3499984741211,3.53999996185303,25,1632.59998321533,36,489.780021667481,45.3499989827474
267.00,Nimbus Lawyer,Automotive,Nimbus,696.739990234375,3.3199999332428,15,13238.0598144531,19,3971.41794433594,696.739990234375
268.00,Willow Officer,Automotive,Willow,253.410003662109,4.59999990463257,16,5068.20007324219,20,1520.46002197266,253.410003662109
269.00,Zenith Clear,Pet Supplies,Zenith,74.5,3.44000005722046,20,2011.5,27,603.45,74.5
270.00,Zenith Break,Books,Zenith,44.2900009155273,4.6399998664856,18,1240.12001037598,28,372.035992431641,44.2900006329572
271.00,Willow Include,Pet Supplies,Willow,117.629997253418,3.28999996185303,17,2705.4899597168,23,811.647003936768,117.629997702206
272.00,Nimbus Process,Electronics,Nimbus,570.099975585938,4.73000001907349,20,15392.6995849609,27,4617.81004638672,570.099979654948
273.00,Willow Seem,Automotive,Willow,913.330017089844,2.54999995231628,25,32879.8804321289,36,9863.96400146484,913.330014648438
274.00,Acme Break,Electronics,Acme,1197.43994140625,3.52999997138977,16,23948.7990722656,20,7184.63989257813,1197.43994649251
275.00,Everest Customer,Toys,Everest,36.3600006103516,3.04999995231628,17,763.560012817383,21,229.068003845215,36.3600006103516
276.00,Solace Travel,Automotive,Solace,297.470001220703,4.6399998664856,21,7734.22003173828,26,2320.26600952149,297.470001220703
277.00,Orion Their,Beauty,Orion,43.3899993896484,3.02999997138977,18,1084.74998474121,25,325.424995422363,43.3899993896484
278.00,Astra Goal,Beauty,Astra,37.689998626709,3.99000000953674,19,1017.62997436523,27,305.289000320435,37.6899988274825
279.00,Zenith World,Beauty,Zenith,114.559997558594,4.17999982833862,19,2749.43994140625,24,824.831982421875,114.559997558594
280.00,Zenith Cold,Groceries,Zenith,23.4099998474121,3.42000007629395,18,515.019996643066,22,154.50599899292,23.4099998474121
281.00,Acme Stuff,Groceries,Acme,28.9899997711182,3.30999994277954,15,637.779998779297,22,191.334002304077,28.9899998558892
282.00,Solace Represent,Beauty,Solace,154.029998779297,4.78999996185303,18,3696.71997070313,24,1109.01599121094,154.029998779297
283.00,Everest Image,Beauty,Everest,42.4700012207031,4.42000007629395,23,1613.86004638672,38,484.158013916016,42.4700012207031
284.00,Zenith Then,Beauty,Zenith,7.78000020980835,2.52999997138977,13,155.600003242493,20,46.6800003051758,7.78000018535516
285.00,Solace Foot,Beauty,Solace,12.789999961853,3.48000001907349,27,511.599996566772,40,153.479997634888,12.7899999383055
286.00,Zenith Church,Pet Supplies,Zenith,39.1500015258789,2.84999990463257,22,1409.40001678467,36,422.81997833252,39.1500009478945
287.00,NeoTech Vote,Pet Supplies,NeoTech,69.3399963378906,3.11999988555908,29,3258.97993469238,47,977.694055175781,69.3399975656093
288.00,Acme He,Beauty,Acme,106.669998168945,3.27999997138977,20,3200.09997558594,30,960.030014038086,106.669998677572
289.00,NeoTech Position,Books,NeoTech,68.3199996948242,4.84000015258789,22,2117.91999053955,31,635.375997161865,68.3199996948242
290.00,Acme Board,Pet Supplies,Acme,44.3300018310547,3.90000009536743,18,1019.59004211426,23,305.877012634277,44.3300018310547
291.00,Nimbus Goal,Books,Nimbus,50.2999992370605,4.8899998664856,23,1358.09997940063,27,407.429993820191,50.2999992370605
292.00,GreenLeaf Who,Automotive,GreenLeaf,203.300003051758,3.20000004768372,15,4269.30009460449,21,1280.79004974365,203.300003729926
293.00,Astra Season,Sports,Astra,122.709999084473,3.33999991416931,31,5399.23999023438,44,1619.77201843262,122.709999412619
294.00,Zenith Recently,Automotive,Zenith,543.309997558594,3.48000001907349,26,21189.0901489258,39,6356.72721557617,543.310000688602
295.00,NeoTech What,Pet Supplies,NeoTech,84.9700012207031,4.65999984741211,17,2124.25003051758,25,637.275009155274,84.9700012207031
296.00,Acme Figure,Groceries,Acme,21.1800003051758,2.6800000667572,20,593.040008544922,28,177.912002563477,21.1800003051758
297.00,Everest Deep,Automotive,Everest,902.47998046875,3.98000001907349,19,27976.8793945313,31,8393.06381835938,902.47998046875
298.00,Zenith Deal,Electronics,Zenith,1238.93005371094,4.34000015258789,15,26017.5308837891,21,7805.25909423828,1238.93004828559
299.00,Zenith Partner,Automotive,Zenith,291.450012207031,3.05999994277954,22,9326.40020751953,32,2797.91993408203,291.450009432706
300.00,Astra May,Groceries,Astra,26.8799991607666,4.76999998092651,16,591.359983444214,22,177.407996368408,26.879999200503
301.00,Harbor Ever,Sports,Harbor,31.5699996948242,4.69999980926514,25,1104.94998931885,35,331.484996795654,31.5699996948242
302.00,Zenith Together,Pet Supplies,Zenith,47.7299995422363,4.42000007629395,21,1431.89999389648,30,429.570003509522,47.7299996633378
303.00,Willow Note,Electronics,Willow,1535.55004882813,4.19999980926514,24,49137.6008300781,32,14741.2797363281,1535.5500386556
304.00,Willow Site,Clothing,Willow,120.819999694824,2.6800000667572,30,4470.3399810791,37,1341.10198898315,120.819999610053
305.00,Everest Scientist,Home & Kitchen,Everest,295.309997558594,3.75,21,9745.22991943359,33,2923.56897583008,295.309997558594
306.00,Everest Air,Sports,Everest,199.779998779297,2.85999989509583,22,6193.17999267578,31,1857.95401916504,199.779999241684
307.00,GreenLeaf Note,Home & Kitchen,GreenLeaf,354.489990234375,4.19999980926514,20,10634.6997070313,30,3190.40991210938,354.489990234375
308.00,Harbor Score,Electronics,Harbor,930.469970703125,4.09999990463257,18,26053.1591796875,28,7815.94775390625,930.469970703125
309.00,NeoTech Second,Groceries,NeoTech,10.6999998092651,4.09000015258789,25,363.79999256134,34,109.13999710083,10.6999997965495
310.00,Orion Side,Clothing,Orion,67.1100006103516,3.05999994277954,25,2483.07002258301,37,744.921006774902,67.1100006103516
311.00,Pulse Money,Beauty,Pulse,110.720001220703,4.69000005722046,27,4982.40005493164,45,1494.72001647949,110.720001220703
312.00,Willow Let,Beauty,Willow,84.7900009155273,3.97000002861023,19,2119.75001525879,25,635.924999237061,84.7900007816783
313.00,Orion Tonight,Books,Orion,70.3899993896484,3.74000000953674,23,1970.91998291016,28,591.275994873047,70.3899993896484
314.00,Everest According,Books,Everest,79.2900009155273,4.76000022888184,19,2220.12001037598,28,666.035992431641,79.2900006612142
315.00,Acme Room,Electronics,Acme,1620.71997070313,4.30000019073486,22,47000.8796386719,29,14100.2642333984,1620.71997810133
316.00,NeoTech Also,Toys,NeoTech,72.2099990844727,3.79999995231628,18,1660.82999420166,23,498.249008941651,72.2099993670428
317.00,Zenith International,Home & Kitchen,Zenith,101.709999084473,3.13000011444092,19,2135.90998077393,21,640.772994232178,101.709999084473
318.00,Willow Position,Pet Supplies,Willow,91.9199981689453,4.25,22,2757.59996032715,30,827.279998779297,91.9199984001391
319.00,Everest Baby,Books,Everest,40.5800018310547,4.01000022888184,19,1176.8200302124,29,353.045993041992,40.5800014295076
320.00,Zenith Religious,Clothing,Zenith,47.8800010681152,2.64000010490417,20,1101.24002456665,23,330.372007369995,47.8800010681152
321.00,Pulse Month,Groceries,Pulse,8.98999977111816,3.67000007629395,23,278.689992904663,31,83.606997871399,8.98999977111816
322.00,Astra Explain,Groceries,Astra,32.1599998474121,2.80999994277954,16,836.160003662109,26,250.848006439209,32.1599999970081
323.00,Orion Speech,Electronics,Orion,694.320007324219,4.59999990463257,21,20135.280090332,29,6040.58394165039,694.320005386595
324.00,Harbor Visit,Toys,Harbor,60.1100006103516,3.20000004768372,25,2103.8500213623,35,631.155006408691,60.1100006103516
325.00,Solace Down,Sports,Solace,114.23999786377,4.21999979019165,16,2627.51995849609,23,788.255992889404,114.239998022715
326.00,Acme Financial,Groceries,Acme,2.75,4,21,79.75,29,23.925,2.75
327.00,Orion Television,Pet Supplies,Orion,98.1500015258789,3.38000011444092,21,2551.90005493164,26,765.570027160645,98.1500017680819
328.00,Pulse Group,Toys,Pulse,26.7399997711182,4.05000019073486,20,748.719997406006,28,224.61600189209,26.7399998346965
329.00,Astra Support,Toys,Astra,106.809997558594,3.01999998092651,19,3097.48992919922,29,929.246978759766,106.809997558594
330.00,Orion Begin,Pet Supplies,Orion,37.0299987792969,4.32000017166138,24,1333.07995605469,36,399.923986816406,37.0299987792969
331.00,Everest Million,Sports,Everest,112.599998474121,4.01999998092651,27,4166.19992828369,37,1249.85996780396,112.599998285741
332.00,GreenLeaf Painting,Beauty,GreenLeaf,33.0200004577637,4.55000019073486,26,1419.85999679565,43,425.957983016968,33.0200001643254
333.00,GreenLeaf Reflect,Books,GreenLeaf,32.4199981689453,2.97000002861023,21,940.179962158203,29,282.053999328613,32.4199984111483
334.00,Pulse Something,Pet Supplies,Pulse,84.0699996948242,4.19000005722046,21,3278.73004150391,39,983.619049835205,84.0700005425347
335.00,NeoTech Cost,Beauty,NeoTech,93.4899978637695,3.80999994277954,22,3272.14995574951,35,981.645008087158,93.4899983261571
336.00,Acme Outside,Clothing,Acme,121.889999389648,4.21000003814697,12,2194.02001953125,18,658.20602722168,121.890000237359
337.00,Zenith Item,Books,Zenith,23.2800006866455,4.86999988555908,25,791.52000617981,34,237.455989837646,23.2800004577637
338.00,Everest Nor,Books,Everest,16.4799995422363,2.60999989509583,14,346.079990386963,21,103.823997116089,16.4799995422363
339.00,Nimbus Memory,Pet Supplies,Nimbus,93.0699996948242,2.71000003814697,23,2792.09998321533,30,837.629989624023,93.0699995842533
340.00,Zenith Life,Groceries,Zenith,20.7399997711182,2.70000004768372,26,788.119997024536,38,236.436003112793,20.7399998444777
341.00,Pulse Serious,Sports,Pulse,53.2599983215332,3.25999999046326,24,1757.57995986938,33,527.273998641968,53.2599985334608
342.00,Nimbus Cell,Sports,Nimbus,90.5699996948242,4.48999977111816,19,2717.09995269775,30,815.129959106445,90.5699990255791
343.00,Acme Others,Home & Kitchen,Acme,75.1900024414063,4.82000017166138,25,2631.65008544922,35,789.495025634766,75.1900024414063
344.00,GreenLeaf At,Automotive,GreenLeaf,145.720001220703,3.91000008583069,15,3497.28002929688,24,1049.18400878906,145.720001220703
345.00,Solace Official,Books,Solace,62.1699981689453,2.74000000953674,21,2113.77993774414,34,634.133981323242,62.1699981689453
346.00,Pulse Third,Books,Pulse,51.6100006103516,4.23999977111816,24,1496.6900177002,29,449.007005310058,51.6100006103516
347.00,Astra Significant,Pet Supplies,Astra,19.7700004577637,3.89000010490417,31,869.880020141602,44,260.964006042481,19.7700004577637
348.00,Acme Vote,Pet Supplies,Acme,47.1399993896484,4.3899998664856,22,1414.19998168945,30,424.259994506836,47.1399993896484
349.00,Zenith Need,Electronics,Zenith,474.220001220703,3.0699999332428,22,12803.9400634766,27,3841.18204040527,474.220001683091
350.00,Harbor Financial,Sports,Harbor,241.979995727539,4.69000005722046,26,7501.3798828125,31,2250.4139755249,241.979995923165
351.00,Willow Event,Toys,Willow,84.8000030517578,3.51999998092651,22,2374.40007019043,28,712.320010375976,84.800002820564
352.00,Everest Daughter,Toys,Everest,112.709999084473,3.97000002861023,18,2254.19998168945,20,676.259994506836,112.709999084473
353.00,Zenith Thought,Toys,Zenith,83.1900024414063,4.46999979019165,18,1996.56005859375,24,598.968017578125,83.1900024414063
354.00,Pulse Letter,Electronics,Pulse,1387.39001464844,4.42999982833862,21,38846.9201660156,28,11654.0758789063,1387.39001077319
355.00,Orion Whatever,Electronics,Orion,577.929992675781,4.01999998092651,20,12714.4598388672,22,3814.33795166016,577.929992675781
356.00,Willow If,Pet Supplies,Willow,67.9400024414063,2.69000005722046,26,2581.72009277344,38,774.516027832031,67.9400024414063
357.00,Astra Hundred,Electronics,Astra,1423.46997070313,3.59999990463257,20,35586.7495117188,25,10676.0250244141,1423.46997477214
358.00,Solace Something,Electronics,Solace,1001.66998291016,4.03000020980835,20,30050.0996704102,30,9015.03002929688,1001.66998596191
359.00,Zenith Citizen,Pet Supplies,Zenith,31.3500003814697,4.82999992370605,20,940.500015258789,30,282.150007247925,31.350000445048
360.00,Nimbus Main,Pet Supplies,Nimbus,59.310001373291,4.44999980926514,19,2075.84999084473,35,622.754957199097,59.3100003694233
361.00,Harbor Man,Clothing,Harbor,168.320007324219,2.69000005722046,16,3871.36010742188,23,1161.40798950195,168.320006052653
362.00,Zenith Check,Toys,Zenith,104.089996337891,4.75,13,2081.79992675781,20,624.539978027344,104.089996337891
363.00,GreenLeaf Team,Beauty,GreenLeaf,61.1199989318848,4.07999992370605,19,1527.99997329712,25,458.399991989136,61.1199989318848
364.00,Pulse Mr,Beauty,Pulse,41.5699996948242,3.60999989509583,20,1163.95999145508,28,349.187997436523,41.5699996948242
365.00,NeoTech In,Toys,NeoTech,98.8099975585938,3.77999997138977,17,2173.81994628906,22,652.145983886719,98.8099975585938
366.00,NeoTech Fill,Home & Kitchen,NeoTech,242.130004882813,3.23000001907349,23,8232.42016601563,34,2469.72604980469,242.130004882813
367.00,Willow West,Books,Willow,38.3199996948242,3.6800000667572,27,1341.19998931885,35,402.359996795654,38.3199996948242
368.00,Harbor Several,Sports,Harbor,257.209991455078,4.36999988555908,12,3858.14987182617,15,1157.44496154785,257.209991455078
369.00,Everest Against,Toys,Everest,15.4099998474121,3.25999999046326,27,554.759994506836,36,166.427998352051,15.4099998474121
370.00,Everest Property,Automotive,Everest,201.910003662109,3.29999995231628,17,5047.75003051758,25,1514.32496643066,201.910002465342
371.00,NeoTech Stand,Groceries,NeoTech,19.0599994659424,4.90000009536743,20,552.739988327026,29,165.821999168396,19.0599995295207
372.00,Solace Particular,Pet Supplies,Solace,100.330001831055,4.07000017166138,22,2508.25003051758,25,752.474998474122,100.330001599861
373.00,Everest Difference,Automotive,Everest,390.559997558594,4.65000009536743,20,10935.6799926758,28,3280.70404052734,390.559998575846
374.00,Solace The,Sports,Solace,377.510009765625,4.71000003814697,14,7550.2001953125,20,2265.06005859375,377.510009765625
375.00,Nimbus Choice,Home & Kitchen,Nimbus,21.7299995422363,3.11999988555908,19,543.249996185303,25,162.975004196167,21.7299996760854
376.00,Zenith Color,Automotive,Zenith,549.809997558594,2.59999990463257,21,15394.6799926758,28,4618.40404052734,549.809998527406
377.00,GreenLeaf Eat,Toys,GreenLeaf,95.7699966430664,3.38000011444092,19,2202.70992279053,23,660.812976837158,95.7699966430664
378.00,Orion Foot,Books,Orion,9.10999965667725,3.21000003814697,14,209.5299949646,23,62.859000492096,9.10999972479684
379.00,Astra Present,Groceries,Astra,12.8100004196167,3.20000004768372,20,333.06000995636,26,99.918002319336,12.8100004037221
380.00,Solace Social,Home & Kitchen,Solace,148.330001831055,2.5699999332428,29,7268.16999816895,49,2180.45093536377,148.330000778724
381.00,Solace Chance,Sports,Solace,177.639999389648,2.86999988555908,20,5506.83993530273,31,1652.05194854736,177.639998626709
382.00,Astra Understand,Automotive,Astra,466.25,3.03999996185303,22,13521.25,29,4056.375,466.25
383.00,Nimbus Knowledge,Sports,Nimbus,26.2700004577637,4.46999979019165,18,577.940006256104,22,173.381999206543,26.2700003871211
384.00,Nimbus Take,Automotive,Nimbus,596.559997558594,2.69000005722046,28,22669.280090332,38,6800.78415527344,596.559999738421
385.00,Willow Mouth,Electronics,Willow,756.869995117188,3.96000003814697,25,28761.0601806641,38,8628.31831054688,756.87
386.00,Pulse Born,Automotive,Pulse,495.100006103516,3.60999989509583,22,13862.8002319336,28,4158.84011230469,495.100007028291
387.00,Acme Store,Automotive,Acme,435.720001220703,3.90000009536743,21,13071.6000976563,30,3921.48007202149,435.720002189515
388.00,GreenLeaf Discover,Clothing,GreenLeaf,252.089996337891,2.92000007629395,23,9831.51000976563,39,2949.45310974121,252.089998549309
389.00,Willow Charge,Automotive,Willow,460.660003662109,4.76999998092651,25,12898.4801025391,28,3869.54403076172,460.660003662109
390.00,Acme Coach,Groceries,Acme,24.1000003814697,3.78999996185303,27,1012.20002365112,42,303.660012435913,24.1000004756598
391.00,Nimbus Establish,Home & Kitchen,Nimbus,74.4100036621094,2.86999988555908,27,2976.40010070801,40,892.919998168946,74.410003096969
392.00,Nimbus Subject,Home & Kitchen,Nimbus,387.230010986328,3.15000009536743,22,15101.9698791504,39,4530.59057922363,387.230002663352
393.00,Willow Behind,Beauty,Willow,79.3499984741211,2.50999999046326,25,3173.99997711182,40,952.200019836426,79.3499989827474
394.00,Acme Boy,Toys,Acme,113.669998168945,3.40000009536743,21,3182.75997924805,28,954.828015136719,113.669998653351
395.00,Harbor Opportunity,Books,Harbor,56.0400009155273,3.65000009536743,31,2689.91999053955,48,806.975959777832,56.0400003592173
396.00,Willow Result,Pet Supplies,Willow,6.94999980926514,2.63000011444092,27,250.199995040894,36,75.0599998474121,6.94999983281265
397.00,Pulse Receive,Books,Pulse,5.67000007629395,3.92000007629395,19,164.430002212524,29,49.3290006637573,5.67000007629395
398.00,Nimbus Mr,Pet Supplies,Nimbus,108.650001525879,4.59000015258789,12,1629.75003051758,15,488.92501449585,108.650001737807
399.00,Astra Reveal,Books,Astra,37.4000015258789,4.28999996185303,22,1383.80002593994,37,415.139986419678,37.4000010634914
400.00,Orion Thus,Electronics,Orion,423.670013427734,2.57999992370605,21,12286.4303588867,29,3685.92908630371,423.670012943328
401.00,Astra Discuss,Automotive,Astra,291.839996337891,4.53000020980835,26,9922.55996704102,34,2976.76805419922,291.839997511644
402.00,Solace Change,Clothing,Solace,108.389999389648,4.05999994277954,22,3143.30999755859,29,942.993009948731,108.389999620842
403.00,Orion Film,Clothing,Orion,74.6600036621094,2.54999995231628,23,2389.12007141113,32,716.735989379883,74.6600029986838
404.00,Astra Grow,Sports,Astra,208.050003051758,4.6100001335144,21,5201.25009155273,25,1560.37503814697,208.050003293961
405.00,Orion Chance,Pet Supplies,Orion,7.84999990463257,4.59000015258789,19,188.399996757507,24,56.5199983596802,7.84999988790144
406.00,NeoTech Provide,Sports,NeoTech,103.540000915527,4.5,19,2174.34001159668,21,652.301998138428,103.540000781678
407.00,Acme Improve,Toys,Acme,18.7900009155273,2.92000007629395,26,732.810024261475,39,219.842999267578,18.7900007688082
408.00,GreenLeaf Green,Pet Supplies,GreenLeaf,10.5200004577637,3.72000002861023,24,357.680009841919,34,107.303998947144,10.5200003782908
409.00,Pulse Idea,Groceries,Pulse,11.8000001907349,4.76999998092651,15,236.000004768372,20,70.8000020980835,11.8000002119276
410.00,Nimbus Surface,Beauty,Nimbus,83.4100036621094,3.09999990463257,21,2335.48007202148,28,700.64400024414,83.4100031777034
411.00,Acme Common,Pet Supplies,Acme,50.9599990844727,2.88000011444092,19,1375.92000579834,27,412.776023101807,50.9599996198688
412.00,Orion News,Home & Kitchen,Orion,225.990005493164,4,24,6779.70007324219,30,2033.90995788574,225.990004221598
413.00,Solace Follow,Beauty,Solace,6.78999996185303,3.75999999046326,30,298.760003089905,44,89.6280042648315,6.79000001483493
414.00,Zenith Almost,Home & Kitchen,Zenith,63.2099990844727,3.95000004768372,24,1959.50997924805,31,587.85299911499,63.2099991904365
415.00,Pulse Next,Electronics,Pulse,861.619995117188,3.86999988555908,12,12924.3000488281,15,3877.29010009766,861.619998508029
416.00,Nimbus Only,Home & Kitchen,Nimbus,54.4199981689453,4.25,15,1088.39996337891,20,326.519989013672,54.4199981689453
417.00,Astra Lose,Beauty,Astra,218.419998168945,4.26999998092651,26,8081.53996276855,37,2424.46201019287,218.419998560196
418.00,GreenLeaf Later,Electronics,GreenLeaf,1413.41003417969,3.86999988555908,23,48055.9407958984,34,14416.7819824219,1413.41002887228
419.00,Astra Remain,Groceries,Astra,18.4699993133545,3.73000001907349,23,664.919979095459,36,199.475996398926,18.46999936864
420.00,Astra Federal,Books,Astra,38.7900009155273,4.38000011444092,23,1280.0700302124,33,384.021009063721,38.7900009155273
421.00,NeoTech Method,Toys,NeoTech,121.709999084473,3.82999992370605,21,4016.43000030518,33,1204.92902145386,121.709999568879
422.00,Everest Fire,Clothing,Everest,257.149993896484,4.36999988555908,27,8485.94982910156,33,2545.78497009277,257.149994273245
423.00,Everest Police,Pet Supplies,Everest,60.2900009155273,3.98000001907349,16,1627.82999420166,27,488.348976898193,60.2900002797445
424.00,Everest Find,Home & Kitchen,Everest,439.510009765625,3.61999988555908,19,12306.2802734375,28,3691.88408203125,439.510009765625
425.00,GreenLeaf Land,Home & Kitchen,GreenLeaf,126.930000305176,2.84999990463257,17,2538.60000610352,20,761.580001831055,126.930000305176
426.00,Nimbus Gun,Home & Kitchen,Nimbus,244.160003662109,4.23999977111816,18,7324.80004882813,30,2197.43997192383,244.160002531829
427.00,NeoTech Pick,Pet Supplies,NeoTech,37.8400001525879,4.09000015258789,25,1627.1199798584,43,488.135975265503,37.8399997965495
428.00,Zenith Stay,Beauty,Zenith,135.759994506836,3.10999989509583,28,5158.87982177734,38,1547.66396789551,135.75999487014
429.00,Harbor Hear,Groceries,Harbor,39,3.36999988555908,19,1131,29,339.3,39
430.00,GreenLeaf Own,Groceries,GreenLeaf,5.34999990463257,4.51000022888184,23,171.199996471405,32,51.3599986076355,5.34999989772188
431.00,Zenith Skin,Books,Zenith,27.0799999237061,3.96000003814697,16,704.079992294312,26,211.223993682861,27.0799998044968
432.00,Harbor Develop,Pet Supplies,Harbor,58.0999984741211,3.0699999332428,25,2149.69996643066,37,644.910005950928,58.0999987792969
433.00,NeoTech Ask,Pet Supplies,NeoTech,5.28000020980835,3.46000003814697,33,242.880007743835,46,72.8640009880066,5.2800001905422
434.00,NeoTech Anything,Toys,NeoTech,52.8300018310547,3.35999989509583,26,1901.88006591797,36,570.564019775391,52.8300018310547
435.00,Astra Least,Books,Astra,115.459999084473,3.80999994277954,27,4272.01998138428,37,1281.60600509644,115.459999272853
436.00,GreenLeaf Student,Books,GreenLeaf,29.2399997711182,4.48999977111816,17,731,25,219.300004005432,29.2399998833151
437.00,GreenLeaf Various,Clothing,GreenLeaf,130.949996948242,3.36999988555908,16,2749.94995117188,21,824.984996032715,130.949997266134
438.00,Orion Pm,Home & Kitchen,Orion,167.789993286133,2.98000001907349,25,6208.22981262207,37,1862.46898651123,167.789994099935
439.00,GreenLeaf Need,Clothing,GreenLeaf,115.370002746582,4.44999980926514,24,4153.3200302124,36,1245.99596099854,115.370001792908
440.00,Solace Think,Beauty,Solace,10.7600002288818,4.8600001335144,26,387.360006332397,36,116.208000564575,10.7600002044286
441.00,Nimbus Significant,Sports,Nimbus,105.75,2.96000003814697,18,3172.5,30,951.75,105.75
442.00,Everest Than,Home & Kitchen,Everest,353.649993896484,4.65999984741211,16,7780.29983520508,22,2334.08992919922,353.649993260702
443.00,Astra Great,Sports,Astra,61.5999984741211,4.86999988555908,28,3203.19997406006,52,960.960029602051,61.599999109904
444.00,Everest Opportunity,Groceries,Everest,28.9200000762939,2.63000011444092,20,838.68000793457,29,251.604006385803,28.9200001716614
445.00,Willow Sit,Pet Supplies,Willow,11.8999996185303,4.1399998664856,15,309.399993896484,26,92.8200008392334,11.8999997033013
446.00,GreenLeaf Opportunity,Clothing,GreenLeaf,68.4300003051758,3.24000000953674,26,2258.19000244141,33,677.456995391846,68.430000207363
447.00,Astra Shake,Beauty,Astra,127.26000213623,4.30999994277954,21,3690.54004669189,29,1107.16200332642,127.260001894027
448.00,Zenith Stop,Pet Supplies,Zenith,66.3300018310547,2.5699999332428,35,3316.50009155273,50,994.95002746582,66.3300018310547
449.00,GreenLeaf Left,Groceries,GreenLeaf,18.6399993896484,2.73000001907349,18,410.079986572266,22,123.02399597168,18.6399993896484
450.00,Orion Take,Books,Orion,15.6899995803833,3.75999999046326,22,455.009990692139,29,136.502999210358,15.6899996237321
451.00,Solace Camera,Electronics,Solace,228.610000610352,3.85999989509583,19,5258.03002929688,23,1577.40901947021,228.61000087805
452.00,Zenith Total,Books,Zenith,37.560001373291,4.6399998664856,17,713.640026092529,19,214.092007827759,37.560001373291
453.00,Everest Various,Home & Kitchen,Everest,17.0599994659424,3.33999991416931,18,477.679988861084,28,143.303999328613,17.0599995365849
454.00,Solace Different,Home & Kitchen,Solace,231.490005493164,3.57999992370605,23,8796.61993408203,38,2638.98578796387,231.49000151261
455.00,NeoTech Nearly,Clothing,NeoTech,65.0599975585938,4.44999980926514,13,1431.31994628906,22,429.395983886719,65.0599975585938
456.00,Zenith Building,Pet Supplies,Zenith,24.3500003814697,2.82999992370605,23,852.250020980835,35,255.675011634827,24.3500004920407
457.00,Pulse Boy,Sports,Pulse,33,4.34999990463257,20,825,25,247.5,33
458.00,Everest Black,Electronics,Everest,982.099975585938,4.82000017166138,20,29462.9995117188,30,8838.90002441406,982.099979654948
459.00,Nimbus Next,Toys,Nimbus,74.5999984741211,3.00999999046326,21,2312.59997558594,31,693.78000869751,74.5999988374256
460.00,Orion Final,Groceries,Orion,20.5599994659424,4.71999979019165,19,493.439989089966,24,148.031998062134,20.5599994994046
461.00,Nimbus Family,Electronics,Nimbus,1700.34997558594,3.99000000953674,24,54411.1989746094,32,16323.3595214844,1700.3499721951
462.00,Harbor Who,Beauty,Harbor,142.589996337891,3.41000008583069,28,5561.00985717773,39,1668.30295715332,142.589996337891
463.00,Willow Plant,Sports,Willow,18.5699996948242,4.40000009536743,16,371.399993896484,20,111.419998168945,18.5699996948242
464.00,Orion Role,Clothing,Orion,44.0999984741211,4.32999992370605,14,881.999984741211,20,264.600006103516,44.0999988374256
465.00,Nimbus Professional,Toys,Nimbus,14.960000038147,4.32999992370605,14,314.160001754761,21,94.2480011940003,14.9600000608535
466.00,Nimbus Congress,Clothing,Nimbus,76.1500015258789,2.60999989509583,21,2208.35003662109,29,662.505005645752,76.1500014047774
467.00,Orion Debate,Electronics,Orion,712.190002441406,2.94000005722046,22,22077.8901367188,31,6623.36708374024,712.190003366181
468.00,Astra Dream,Sports,Astra,36.4000015258789,4.1399998664856,20,1092.00003051758,30,327.599998474121,36.4000012715658
469.00,Everest Later,Toys,Everest,13.0100002288818,4.44999980926514,17,299.230003356934,23,89.7689996719361,13.0100001914828
470.00,Zenith Gas,Pet Supplies,Zenith,59.9099998474121,3.4300000667572,20,1617.56999206543,27,485.270994949341,59.9099997838338
471.00,NeoTech While,Sports,NeoTech,181.710006713867,4.25,19,4542.7501373291,25,1362.82501983643,181.710006178471
472.00,Pulse From,Toys,Pulse,40.7900009155273,4.51999998092651,23,1264.49002838135,31,379.347008514404,40.7900009155273
473.00,Nimbus Whose,Books,Nimbus,22.5300006866455,2.99000000953674,27,856.140003204346,38,256.841984939575,22.5300004040753
474.00,GreenLeaf Significant,Sports,GreenLeaf,283.170013427734,3.00999999046326,22,8495.10034179688,30,2548.53005981445,283.170012502959
475.00,Willow Also,Home & Kitchen,Willow,191.789993286133,3.42000007629395,16,4794.74987792969,25,1438.42499542236,191.789994239807
476.00,Harbor Much,Automotive,Harbor,133.020004272461,4.38000011444092,19,4256.64007568359,32,1276.99197998047,133.020003201669
477.00,Orion Break,Sports,Orion,55.2799987792969,4.11999988555908,14,1160.87997436523,21,348.26399230957,55.2799987792969
478.00,Zenith Within,Clothing,Zenith,199.789993286133,2.66000008583069,21,5793.90980529785,29,1738.17294158936,199.789993286133
479.00,Astra Hospital,Pet Supplies,Astra,92.1699981689453,3.77999997138977,28,3963.30999755859,43,1188.99305267334,92.1699990772066
480.00,Harbor Enjoy,Pet Supplies,Harbor,60.3300018310547,4.30999994277954,19,1508.25004577637,25,452.47501373291,60.3300018310547
481.00,Harbor Enter,Home & Kitchen,Harbor,299.450012207031,3.6800000667572,19,7186.80029296875,24,2156.04008789062,299.450012207031
482.00,Astra Buy,Pet Supplies,Astra,62.6199989318848,4.1100001335144,19,1502.87997817993,24,450.863996124268,62.6199989988093
483.00,Pulse Determine,Books,Pulse,2.82999992370605,2.96000003814697,20,76.4099979400635,27,22.922999382019,2.82999992370605
484.00,Everest Almost,Beauty,Everest,104.339996337891,4.8899998664856,29,4069.25985717773,39,1220.77795715332,104.339996337891
485.00,NeoTech Several,Groceries,NeoTech,9.97000026702881,2.58999991416931,23,319.040005683899,32,95.7119997024536,9.97000022556471
486.00,GreenLeaf Body,Beauty,GreenLeaf,46.6399993896484,3.1800000667572,16,932.799987792969,20,279.839996337891,46.6399993896484
487.00,Willow Indeed,Clothing,Willow,22.2099990844727,3.40000009536743,20,621.879974365234,28,186.56399230957,22.2099990844727
488.00,Solace Level,Home & Kitchen,Solace,264.670013427734,4.59000015258789,26,8998.78042602539,34,2699.63410644531,264.670013036483
489.00,NeoTech Conference,Groceries,NeoTech,5.1100001335144,2.50999999046326,25,178.850003242493,35,53.6549999713898,5.11000011444092
490.00,Nimbus Give,Sports,Nimbus,203.830001831055,4.11999988555908,16,3872.77003479004,19,1161.83101043701,203.830001831055
491.00,Willow Answer,Electronics,Willow,398.859985351563,2.95000004768372,17,9173.77966308594,23,2752.13389892578,398.859985351563
492.00,Nimbus Who,Books,Nimbus,36.1599998474121,4.07000017166138,27,1410.24000930786,39,423.072013473511,36.1600000357922
493.00,Pulse Manage,Beauty,Pulse,113.449996948242,2.52999997138977,20,3063.14994812012,27,918.94500579834,113.449997456869
494.00,Astra Test,Clothing,Astra,148.440002441406,3.65000009536743,19,4007.88006591797,27,1202.36401977539,148.440002441406
495.00,Pulse Down,Groceries,Pulse,21.2000007629395,4.53000020980835,24,720.800018310547,34,216.240000152588,21.2000006569756
496.00,Willow Property,Toys,Willow,100.660003662109,2.85999989509583,28,4429.04016113281,44,1328.71204833984,100.660003662109
497.00,Acme Owner,Books,Acme,15.210000038147,3.69000005722046,30,699.660006523132,46,209.8980052948,15.2100000911289
498.00,Pulse Debate,Home & Kitchen,Pulse,112.790000915527,3.34999990463257,19,2594.17002105713,23,778.251006317139,112.790000915527
499.00,Zenith Baby,Clothing,Zenith,115.809997558594,3.30999994277954,25,3590.10992431641,31,1077.03297729492,115.809997558594
500.00,NeoTech Security,Beauty,NeoTech,38.5400009155273,2.53999996185303,27,1695.7600402832,44,508.728012084961,38.5400009155273
501.00,Harbor Necessary,Books,Harbor,65.3099975585938,4.40999984741211,27,2612.39990234375,40,783.719970703125,65.3099975585938
502.00,Orion Student,Sports,Orion,442.119995117188,3.25,20,13705.7198486328,31,4111.71595458984,442.119995117188
503.00,Harbor Cup,Clothing,Harbor,90.5699996948242,4.40000009536743,19,2173.67999267578,24,652.103997802734,90.5699996948242
504.00,GreenLeaf Learn,Beauty,GreenLeaf,111.419998168945,3.26999998092651,22,3454.01997375488,31,1036.20601348877,111.419998631333
505.00,Solace Future,Books,Solace,42.1500015258789,3.71000003814697,23,1264.50003814697,30,379.350006103516,42.150001415308
506.00,Harbor West,Sports,Harbor,75.8600006103516,4.67999982833862,30,3413.70002746582,45,1024.11000823975,75.8600006103516
507.00,Willow Beyond,Home & Kitchen,Willow,208.339996337891,2.80999994277954,31,10625.340057373,51,3187.60218811035,208.339998963059
508.00,Zenith Small,Electronics,Zenith,177.880004882813,3.97000002861023,23,5514.28015136719,31,1654.28404541016,177.880004882813
509.00,NeoTech Throw,Electronics,NeoTech,538.419982910156,3.75,33,24228.899230957,45,7268.66976928711,538.419982910156
510.00,Zenith Guy,Sports,Zenith,105.339996337891,2.86999988555908,18,2949.51989746094,28,884.855969238282,105.339996337891
511.00,Nimbus Should,Clothing,Nimbus,34.1300010681152,2.59999990463257,13,716.730010986328,21,215.018995285034,34.130000774677
512.00,Nimbus Knowledge,Sports,Nimbus,101.360000610352,4.21999979019165,31,4155.75999450684,41,1246.72797698975,101.360000282206
513.00,Everest Child,Toys,Everest,11.9300003051758,3.45000004768372,13,202.810005187988,17,60.8430015563965,11.9300003051758
514.00,Everest Despite,Home & Kitchen,Everest,201.550003051758,4.65999984741211,17,4232.5500793457,21,1269.76503448486,201.55000335095
515.00,Zenith Treatment,Toys,Zenith,21.1499996185303,4.73999977111816,33,1120.9499912262,53,336.285005378723,21.1499997341272
516.00,Nimbus Threat,Sports,Nimbus,253.679992675781,4.6399998664856,22,7356.71978759766,29,2207.0159362793,253.679992675781
517.00,Nimbus Those,Beauty,Nimbus,60.5499992370605,4.30999994277954,20,1392.64998245239,23,417.794994735718,60.5499992370605
518.00,Willow Newspaper,Groceries,Willow,20.1499996185303,4.76999998092651,19,544.049991607666,27,163.214998817444,20.1499996519925
519.00,Pulse Money,Electronics,Pulse,769.710021972656,4.07000017166138,38,40794.6306152344,53,12238.3888000488,769.710017154091
520.00,Acme Appear,Beauty,Acme,161.289993286133,2.5699999332428,23,4354.82981872559,27,1306.44894561768,161.289993286133
521.00,Orion Risk,Groceries,Orion,14.0900001525879,2.86999988555908,22,394.520004272461,28,118.356001281738,14.0900001525879
522.00,Harbor Medical,Clothing,Harbor,17.9599990844727,3.17000007629395,16,448.999984741211,25,134.700000762939,17.9599992434184
523.00,GreenLeaf Relate,Beauty,GreenLeaf,111.370002746582,4.5,13,1893.29002380371,17,567.986991119385,111.370002159706
524.00,Everest Station,Toys,Everest,71.2900009155273,4.07999992370605,18,1425.80001831055,20,427.740005493164,71.2900009155273
525.00,GreenLeaf According,Books,GreenLeaf,28.0400009155273,4.30000019073486,24,1037.48003387451,37,311.244010162354,28.0400009155273
526.00,NeoTech Difficult,Groceries,NeoTech,9.25,2.89000010490417,25,323.75,35,97.125,9.25
527.00,Astra Democrat,Electronics,Astra,554.929992675781,2.99000000953674,23,16092.9697875977,29,4827.8909362793,554.929992675781
528.00,Zenith Leader,Toys,Zenith,29.5499992370605,4.1399998664856,21,856.949977874756,29,257.084993362427,29.5499992370605
529.00,Willow Out,Books,Willow,57.1800003051758,4.86999988555908,28,2058.47998809814,36,617.543980407715,57.1800000326974
530.00,NeoTech Close,Sports,NeoTech,182.229995727539,4.17000007629395,24,7289.19987487793,40,2186.75999450684,182.229996363322
531.00,Nimbus Young,Beauty,Nimbus,167.720001220703,4.13000011444092,19,5031.60003662109,30,1509.48001098633,167.720001220703
532.00,Pulse Commercial,Clothing,Pulse,21.5200004577637,4.71000003814697,17,559.520000457764,26,167.855992126465,21.5200002333697
533.00,Solace Republican,Pet Supplies,Solace,11.4099998474121,4.15000009536743,14,205.379997253418,18,61.6139991760254,11.4099998474121
534.00,Astra Speak,Pet Supplies,Astra,19.2399997711182,4.48999977111816,26,654.159996032715,34,196.248001480103,19.2399998200245
535.00,Willow Exactly,Clothing,Willow,62.9599990844727,4.1399998664856,20,1888.79998779297,30,566.640007019043,62.9599993387858
536.00,NeoTech Rise,Pet Supplies,NeoTech,6.84999990463257,3.91000008583069,16,143.849997520447,21,43.154998922348,6.84999989469846
537.00,Willow Use,Automotive,Willow,64.4499969482422,3.09999990463257,20,1675.69993591309,26,502.709991455078,64.4499972025554
538.00,GreenLeaf Painting,Toys,GreenLeaf,63.4799995422363,4.17999982833862,19,1396.5599899292,22,418.96799697876,63.4799995422363
539.00,Zenith Skill,Clothing,Zenith,45.1100006103516,3.38000011444092,16,992.420013427734,22,297.72600402832,45.1100006103516
540.00,Zenith Foreign,Automotive,Zenith,337.799987792969,3.07999992370605,31,13511.9996948242,40,4053.60003662109,337.799989761845
541.00,Zenith List,Home & Kitchen,Zenith,102.099998474121,3.90000009536743,20,2552.49995422363,25,765.749980926513,102.099998346965
542.00,Everest Rock,Clothing,Everest,36.5400009155273,3.76999998092651,24,1169.28002929688,32,350.784008789062,36.5400009155273
543.00,Orion City,Beauty,Orion,115.629997253418,4.55999994277954,23,3584.52991485596,31,1075.35897445679,115.629997253418
544.00,Orion Now,Clothing,Orion,248.050003051758,4,25,8185.6501159668,33,2455.69504547119,248.050003255208
545.00,Pulse Understand,Sports,Pulse,55.4900016784668,3.03999996185303,26,2108.62004852295,38,632.586003875733,55.4900014828413
546.00,Willow Society,Home & Kitchen,Willow,292.190002441406,2.5699999332428,23,9934.46008300781,34,2980.33802490234,292.190002441406
547.00,Everest Region,Clothing,Everest,207.259994506836,3.77999997138977,24,7461.3599395752,36,2238.40807800293,207.259996414185
548.00,Pulse Idea,Books,Pulse,46,2.82999992370605,22,1472,32,441.6,46
549.00,Zenith History,Books,Zenith,56.439998626709,4.71999979019165,26,2088.27997207642,37,626.484007644653,56.4399989201472
550.00,Nimbus Someone,Books,Nimbus,29.8299999237061,4.6399998664856,14,656.259992599487,22,196.877993774414,29.8299997874669
551.00,GreenLeaf Able,Home & Kitchen,GreenLeaf,154.279998779297,4.03000020980835,24,5862.63995361328,38,1758.79198608399,154.279998779297
552.00,Solace Budget,Sports,Solace,190.220001220703,2.84999990463257,19,4565.2799987793,24,1369.58397827148,190.220000685307
553.00,Zenith Rate,Pet Supplies,Zenith,132.699996948242,3.90000009536743,21,3582.89991760254,27,1074.86997528076,132.699996948242
554.00,Everest National,Beauty,Everest,157.020004272461,3.36999988555908,21,4082.52011108398,26,1224.7560333252,157.020004272461
555.00,Acme Of,Electronics,Acme,1407.60998535156,2.51999998092651,27,53489.1796875,38,16046.7540771484,1407.60998836564
556.00,Solace Guess,Books,Solace,54.9300003051758,3.90000009536743,16,1208.45999145508,22,362.537986755371,54.9299999872843
557.00,Orion And,Sports,Orion,167.070007324219,2.73000001907349,21,4510.89013671875,27,1353.26699829102,167.070006355407
558.00,Nimbus Watch,Toys,Nimbus,61.7099990844727,3.5699999332428,15,1234.19999694824,20,370.260009765625,61.7099994235569
559.00,Zenith Hope,Sports,Zenith,59.1699981689453,4.11999988555908,20,1656.75994873047,28,497.027984619141,59.1699981689453
560.00,Everest End,Toys,Everest,16.8600006103516,2.90000009536743,27,724.980026245117,43,217.494007873535,16.8600006103516
561.00,Nimbus Hospital,Toys,Nimbus,95.0199966430664,4.05000019073486,19,2375.49993133545,25,712.649990081787,95.0199969107645
562.00,Willow Exist,Clothing,Willow,23.7900009155273,3.15000009536743,15,475.800018310547,20,142.740005493164,23.7900009155273
563.00,Willow History,Beauty,Willow,101.930000305176,4.19999980926514,20,2854.04002380371,28,856.212017822266,101.930000559489
564.00,Zenith Conference,Home & Kitchen,Zenith,99.2300033569336,3.48000001907349,20,2183.06007385254,22,654.918022155762,99.2300033569336
565.00,Everest High,Home & Kitchen,Everest,340.5,3.51999998092651,24,10896,32,3268.8,340.5
566.00,Nimbus Himself,Home & Kitchen,Nimbus,221.259994506836,3.39000010490417,20,5531.4998626709,25,1659.44995880127,221.259994506836
567.00,Orion Democrat,Home & Kitchen,Orion,190.380004882813,2.90000009536743,21,5711.40014648438,30,1713.42004394531,190.380004882813
568.00,Orion Interest,Groceries,Orion,16.7900009155273,3.95000004768372,22,503.700019836426,30,151.110000610352,16.7900007999305
569.00,Zenith Control,Electronics,Zenith,925.169982910156,4.05000019073486,22,32380.9496459961,35,9714.28506469727,925.169986609257
570.00,Astra Where,Automotive,Astra,108.5,2.6800000667572,28,3906,36,1171.8,108.5
571.00,Pulse Site,Books,Pulse,40.7000007629395,3.57999992370605,21,1505.90001296997,37,451.769993209839,40.7000005207364
572.00,GreenLeaf Score,Pet Supplies,GreenLeaf,58.4099998474121,2.99000000953674,17,1285.01999282837,22,385.505995178223,58.4099997726141
573.00,Harbor Those,Home & Kitchen,Harbor,72.4499969482422,2.69000005722046,15,1231.64994812012,17,369.494984436035,72.4499969482422
574.00,Astra Computer,Beauty,Astra,121.029998779297,2.74000000953674,21,3751.9299621582,31,1125.57898864746,121.029998779297
575.00,Pulse Or,Automotive,Pulse,338,4.42000007629395,20,9802,29,2940.6,338
576.00,Zenith Air,Pet Supplies,Zenith,9.80000019073486,4.48000001907349,22,313.600003242493,32,94.0799989700317,9.80000014738603
577.00,NeoTech Peace,Books,NeoTech,19.2199993133545,2.52999997138977,17,422.839984893799,22,126.85199546814,19.2199993133545
578.00,Nimbus Development,Home & Kitchen,Nimbus,390.190002441406,2.58999991416931,25,15997.7897338867,41,4799.33666381836,390.189997558594
579.00,Zenith Look,Groceries,Zenith,7.55999994277954,3.63000011444092,16,173.879999637604,23,52.1640005588532,7.55999996264776
580.00,Solace His,Beauty,Solace,134.990005493164,4.42999982833862,21,4184.69012451172,31,1255.40700531006,134.990004766555
581.00,Nimbus You,Sports,Nimbus,307.540008544922,3.11999988555908,23,9533.74020385742,31,2860.12201843262,307.540007660354
582.00,Everest Beautiful,Home & Kitchen,Everest,318.630004882813,3.85999989509583,18,7328.49011230469,23,2198.54703369141,318.630004882813
583.00,Zenith Event,Beauty,Zenith,137.490005493164,4.84999990463257,18,3437.25012207031,25,1031.17502593994,137.490005210594
584.00,Astra Bill,Books,Astra,85.2200012207031,2.90000009536743,18,2386.16003417969,28,715.848010253906,85.2200012207031
585.00,Solace Tough,Home & Kitchen,Solace,44.2900009155273,4.44000005722046,21,1372.99000549316,31,411.896985626221,44.2900005522228
586.00,Acme Action,Home & Kitchen,Acme,66.0299987792969,4.6399998664856,16,1254.56997680664,19,376.370993041992,66.0299987792969
587.00,Zenith Friend,Books,Zenith,15.8699998855591,3.92000007629395,28,571.319999694824,36,171.396002578735,15.8699999309721
588.00,Everest She,Pet Supplies,Everest,19.3500003814697,3.1800000667572,25,677.250009536743,35,203.175000190735,19.3500003306071
589.00,Astra Next,Toys,Astra,88.6600036621094,4.8600001335144,28,3280.42013549805,37,984.126040649414,88.6600036621094
590.00,NeoTech Protect,Beauty,NeoTech,13.3400001525879,2.6800000667572,26,440.2200050354,33,132.06600151062,13.3400001525879
591.00,GreenLeaf Pull,Books,GreenLeaf,55.439998626709,4.65000009536743,21,1774.08000183105,32,532.224032592774,55.439999353318
592.00,Astra Receive,Electronics,Astra,320.649993896484,4.19999980926514,25,12825.9998779297,40,3847.80004882813,320.649995524089
593.00,Willow Military,Books,Willow,82.8399963378906,4.78999996185303,23,2816.55992126465,34,844.968008422852,82.8399970013162
594.00,Zenith Commercial,Toys,Zenith,104.269996643066,4.34999990463257,24,3649.44990539551,35,1094.83498764038,104.269996960958
595.00,GreenLeaf History,Books,GreenLeaf,100.620002746582,4.28999996185303,21,3320.45999908447,33,996.137935638428,100.620001293364
596.00,Everest Example,Beauty,Everest,29.5,3.20000004768372,23,944,32,283.2,29.5
597.00,Acme Consumer,Groceries,Acme,13.5,4.71999979019165,21,405,30,121.5,13.5
598.00,Nimbus Pass,Pet Supplies,Nimbus,4.67999982833862,4.78000020980835,15,93.5999970436096,20,28.0799994468689,4.679999838935
599.00,Nimbus Analysis,Groceries,Nimbus,11.710000038147,4.40999984741211,23,386.430003166199,33,115.929002285004,11.7100000657897
600.00,Solace Speak,Beauty,Solace,93.5100021362305,2.9300000667572,17,1963.71003723145,21,589.113005828857,93.5100019866345
601.00,Acme Manage,Sports,Acme,343.779998779297,3.5,20,8250.71994018555,24,2475.21596069336,343.779998270671
602.00,Nimbus Word,Toys,Nimbus,52.1800003051758,4.75,25,1669.75999450684,32,500.927987670899,52.1800001017253
603.00,Zenith Example,Sports,Zenith,360.290008544922,2.78999996185303,24,11889.5702209473,33,3566.87102355957,360.290007697211
604.00,Pulse Economy,Pet Supplies,Pulse,113.440002441406,4.40000009536743,19,3062.88006591797,27,918.864019775391,113.440002441406
605.00,Zenith Dog,Clothing,Zenith,83.1699981689453,4.32000017166138,21,2328.75994873047,28,698.627984619141,83.1699981689453
606.00,Everest Since,Clothing,Everest,138.240005493164,4.73999977111816,24,3732.48014831543,27,1119.74404449463,138.240005493164
607.00,Everest Short,Groceries,Everest,9.31999969482422,4.05999994277954,20,232.999992370605,25,69.8999977111816,9.31999969482422
608.00,GreenLeaf Visit,Toys,GreenLeaf,42.7400016784668,4.8899998664856,22,1538.64004516602,36,461.592002868652,42.740001447273
609.00,Zenith Nation,Books,Zenith,42.5,4.80999994277954,22,1445,34,433.5,42.5
610.00,GreenLeaf Side,Home & Kitchen,GreenLeaf,101.290000915527,2.54999995231628,26,3849.02001190186,38,1154.70598754883,101.290000622089
611.00,Astra Production,Beauty,Astra,108.269996643066,2.79999995231628,15,2381.93993377686,22,714.581985473633,108.269996812609
612.00,Nimbus Successful,Pet Supplies,Nimbus,92.3600006103516,4.59000015258789,21,2863.15998840332,31,858.947975158691,92.3600001259456
613.00,Pulse Physical,Automotive,Pulse,300.239990234375,2.82999992370605,20,8406.7197265625,28,2522.01591796875,300.239990234375
614.00,Solace Car,Clothing,Solace,135.380004882813,3.29999995231628,22,3926.02014160156,29,1177.80604248047,135.380004882813
615.00,NeoTech Stuff,Home & Kitchen,NeoTech,93.0999984741211,3.0699999332428,13,1675.79996490479,18,502.739984130859,93.0999982784956
616.00,Acme Indeed,Toys,Acme,28.5100002288818,4.48000001907349,14,570.200000762939,20,171.059997558594,28.5100001380557
617.00,Astra Free,Beauty,Astra,45.2799987792969,2.5,24,1494.2399597168,33,448.271987915039,45.2799987792969
618.00,Harbor Race,Clothing,Harbor,182.110000610352,3.09999990463257,20,5463.30006408691,30,1638.99005126953,182.110001373291
619.00,GreenLeaf Idea,Electronics,GreenLeaf,279.089996337891,3.3199999332428,27,10047.2399291992,36,3014.17202148437,279.089997091411
620.00,Orion Consider,Groceries,Orion,9.48999977111816,2.84999990463257,18,265.719993591309,28,79.7159980773926,9.48999977111816
621.00,Astra Daughter,Toys,Astra,7.92000007629395,4.63000011444092,29,364.320003509521,46,109.296001052856,7.92000007629395
622.00,GreenLeaf Call,Electronics,GreenLeaf,865.549987792969,3.91000008583069,15,19907.649597168,23,5972.29479370117,865.549985080295
623.00,Pulse Pass,Books,Pulse,52.9500007629395,3.05999994277954,24,2170.950050354,41,651.285028457642,52.950001027849
624.00,Harbor Defense,Groceries,Harbor,29.4099998474121,4.42000007629395,14,529.380001068115,18,158.814002990723,29.4099999382382
625.00,Acme Pass,Toys,Acme,142.940002441406,4.71999979019165,17,3287.62005615234,23,986.286016845703,142.940002441406
626.00,NeoTech Practice,Home & Kitchen,NeoTech,59.9700012207031,4.26000022888184,25,2038.98004150391,34,611.694012451172,59.9700012207031
627.00,Pulse Claim,Toys,Pulse,45.7400016784668,3.08999991416931,23,1646.64004898071,36,493.992006683349,45.7400015126104
628.00,Astra Small,Electronics,Astra,612.22998046875,4.57999992370605,19,15917.9794921875,26,4775.39384765625,612.22998046875
629.00,Willow A,Sports,Willow,210.389999389648,3.11999988555908,31,7994.81997680664,38,2398.44599304199,210.389999389648
630.00,Harbor Audience,Pet Supplies,Harbor,104.550003051758,3.78999996185303,13,1986.45002746582,19,595.934986877441,104.550002269256
631.00,Acme Give,Sports,Acme,150.399993896484,2.74000000953674,15,3158.39990234375,21,947.51999206543,150.399994574653
632.00,Solace Show,Automotive,Solace,874.109985351563,3.86999988555908,18,22726.8599853516,26,6818.05825195313,874.109992133247
633.00,Nimbus Seven,Beauty,Nimbus,32.1100006103516,2.8199999332428,32,1541.28002929688,48,462.384008789063,32.1100006103516
634.00,GreenLeaf Argue,Clothing,GreenLeaf,43.8499984741211,2.51999998092651,17,1008.54998016357,23,302.565004730225,43.849998773313
635.00,Acme Provide,Books,Acme,14.9899997711182,3.14000010490417,22,464.68999671936,31,139.407001686096,14.9899998289166
636.00,GreenLeaf Save,Automotive,GreenLeaf,94.4000015258789,3.77999997138977,35,5003.20009613037,53,1500.96003952026,94.4000016712007
637.00,Nimbus Everything,Pet Supplies,Nimbus,4.86999988555908,3.47000002861023,22,189.929995536804,39,56.9789986610413,4.86999988555908
638.00,Everest Beautiful,Toys,Everest,76.4000015258789,3.45000004768372,32,3208.80004119873,42,962.63999633789,76.4000012874603
639.00,GreenLeaf Century,Pet Supplies,GreenLeaf,64.2300033569336,3.07999992370605,19,1669.98007965088,26,500.994018554688,64.2300032230846
640.00,Zenith Rise,Automotive,Zenith,130.309997558594,3.02999997138977,24,3778.98992919922,29,1133.69697875977,130.309997558594
641.00,Everest Benefit,Clothing,Everest,86.4700012207031,2.57999992370605,16,1902.34002685547,22,570.702008056641,86.4700012207031
642.00,Acme Group,Electronics,Acme,1816.28002929688,3.65000009536743,16,38141.8801269531,21,11442.5636962891,1816.28001912435
643.00,Willow Age,Clothing,Willow,105.349998474121,4.40999984741211,20,2739.09994506836,26,821.729972839355,105.349998219808
644.00,NeoTech Investment,Automotive,NeoTech,293.470001220703,2.85999989509583,18,7923.68997192383,27,2377.10694885254,293.470000090422
645.00,Everest Try,Beauty,Everest,63.9799995422363,3.32999992370605,27,2175.31998825073,34,652.595999145508,63.9799995893314
646.00,Zenith Study,Books,Zenith,19.7600002288818,4.09000015258789,27,632.32000541687,32,189.696000289917,19.7600002053343
647.00,Pulse Off,Books,Pulse,26.0499992370605,3.83999991416931,25,963.849994659424,37,289.155014419556,26.0499995422363
648.00,Astra Federal,Pet Supplies,Astra,6.51999998092651,2.78999996185303,24,215.159998416901,33,64.5479988574982,6.51999996768104
649.00,Pulse Six,Toys,Pulse,27.9099998474121,3.70000004768372,29,1116.39999771118,40,334.920001983643,27.9099998912592
650.00,Everest Parent,Sports,Everest,235.460006713867,4.23999977111816,33,9653.86024475098,41,2896.15805206299,235.460006405609
651.00,Solace Option,Automotive,Solace,926.150024414063,3.52999997138977,20,29636.8004150391,32,8891.03986816406,926.150018310547
652.00,Pulse Wait,Clothing,Pulse,76.6699981689453,3.20000004768372,19,2223.42994689941,29,667.028984069824,76.6699981689453
653.00,Orion Coach,Electronics,Orion,649.280029296875,3.41000008583069,24,21426.2406005859,33,6427.87192382813,649.280024210612
654.00,Pulse Run,Toys,Pulse,20.0599994659424,3.74000000953674,23,621.85998916626,31,186.55800075531,20.0599995488706
655.00,Astra Strong,Beauty,Astra,195.389999389648,2.99000000953674,27,7620.20989990234,39,2286.06291656494,195.389998447748
656.00,Nimbus Sell,Sports,Nimbus,165.029998779297,2.72000002861023,15,3135.56997680664,19,940.670993041992,165.029998779297
657.00,Willow Student,Pet Supplies,Willow,23.3299999237061,3.47000002861023,23,699.899997711182,30,209.969999313355,23.3299999237061
658.00,Nimbus Radio,Books,Nimbus,60.3899993896484,2.73000001907349,23,1992.8699798584,33,597.86099395752,60.3899993896484
659.00,Harbor Strong,Automotive,Harbor,501.369995117188,3.5,22,16043.83984375,32,4813.151953125,501.369995117188
660.00,Orion Red,Automotive,Orion,638.510009765625,4.80000019073486,17,15962.7502441406,25,4788.82507324219,638.510009765625
661.00,Acme Black,Toys,Acme,10.6099996566772,4.03000020980835,21,275.859991073608,26,82.7579973220825,10.6099996566772
662.00,Pulse For,Pet Supplies,Pulse,71.4000015258789,2.88000011444092,26,2499.00003814697,35,749.70000076294,71.4000013302534
663.00,Solace Party,Sports,Solace,89.0199966430664,2.80999994277954,18,2136.47993469238,24,640.943991088867,89.0199969256366
664.00,Harbor Size,Automotive,Harbor,675.419982910156,3.75,13,16210.0797729492,24,4863.02406005859,675.419987605168
665.00,Zenith Hotel,Clothing,Zenith,76.1800003051758,3.96000003814697,16,1675.96000671387,22,502.78800201416,76.1800003051758
666.00,Harbor By,Electronics,Harbor,367.540008544922,3.72000002861023,20,7718.34017944336,21,2315.50205383301,367.540008544922
667.00,Harbor Than,Home & Kitchen,Harbor,319.470001220703,4.80999994277954,18,9264.62994384766,29,2779.38891906738,319.469999525282
668.00,Nimbus Culture,Clothing,Nimbus,168.020004272461,3.76999998092651,15,3864.46005249023,23,1159.33798370361,168.020003255208
669.00,Acme Personal,Toys,Acme,36.4199981689453,4.88000011444092,24,1238.27995300293,34,371.483996582031,36.4199983808729
670.00,GreenLeaf Evidence,Pet Supplies,GreenLeaf,79.5999984741211,3.86999988555908,18,1989.99996948242,25,596.999996185303,79.5999986154062
671.00,Solace Treat,Toys,Solace,84.6999969482422,3.58999991416931,14,1524.59994506836,18,457.379983520508,84.6999969482422
672.00,Pulse Yeah,Automotive,Pulse,370.640014648438,3.86999988555908,17,9266.00036621094,25,2779.80010986328,370.640014648438
673.00,Orion Structure,Sports,Orion,224.009994506836,2.63000011444092,21,5824.2599029541,26,1747.27800292969,224.009995233445
674.00,GreenLeaf Seem,Pet Supplies,GreenLeaf,21.1100006103516,3.84999990463257,17,569.970016479492,27,170.991004943848,21.1100006103516
675.00,Everest Side,Sports,Everest,192.220001220703,4.46999979019165,22,5574.37997436523,29,1672.31394958496,192.220000295928
676.00,Acme Push,Beauty,Acme,21.1200008392334,2.84999990463257,18,570.240018844604,27,171.072002983093,21.1200007685909
677.00,Astra Cost,Pet Supplies,Astra,17.6000003814697,3.84999990463257,27,598.400012969971,34,179.520003890991,17.6000003814697
678.00,Zenith Whole,Toys,Zenith,152.100006103516,3.14000010490417,27,5627.70013427734,37,1688.30997619629,152.100004973235
679.00,Orion Clearly,Automotive,Orion,496.779998779297,2.51999998092651,20,13909.8399047852,28,4172.95192871094,496.779997762044
680.00,Harbor Investment,Automotive,Harbor,114.540000915527,3.97000002861023,20,3894.35999298096,34,1168.30797119141,114.540000279744
681.00,Acme Keep,Electronics,Acme,1708.19995117188,2.9300000667572,18,42704.9990234375,25,12811.4998779297,1708.199955693
682.00,Nimbus Stage,Automotive,Nimbus,541.919982910156,3.94000005722046,17,13547.9996948242,25,4064.39999389649,541.919985303692
683.00,Orion Paper,Toys,Orion,15.2200002670288,4.28999996185303,18,395.720004081726,26,118.715999221802,15.2200002140469
684.00,GreenLeaf Reveal,Groceries,GreenLeaf,26.3400001525879,3.75999999046326,29,869.2200050354,33,260.76600151062,26.3400001525879
685.00,Pulse Range,Automotive,Pulse,113.139999389648,4.80999994277954,20,3054.78001403809,27,916.43402557373,113.139999898275
686.00,Willow Bring,Clothing,Willow,29.9200000762939,4.30000019073486,18,598.400001525879,20,179.520000457764,29.9200000762939
687.00,Everest Particularly,Sports,Everest,158.550003051758,3.24000000953674,23,4915.05006408691,31,1474.51499786377,158.550002609474
688.00,Acme Them,Pet Supplies,Acme,27.2299995422363,2.63000011444092,21,980.280006408691,36,294.084017944336,27.2299999055408
689.00,Nimbus Morning,Groceries,Nimbus,18.5,2.6800000667572,17,425.5,23,127.65,18.5
690.00,NeoTech Interesting,Home & Kitchen,NeoTech,368.820007324219,3.3199999332428,23,11433.4201049805,31,3430.02594604492,368.820005555084
691.00,GreenLeaf Concern,Groceries,GreenLeaf,3.96000003814697,4.8899998664856,26,134.640001296997,34,40.3920003890991,3.96000003814697
692.00,Acme Trip,Toys,Acme,75.8099975585938,2.78999996185303,25,3032.39990234375,40,909.719970703125,75.8099975585938
693.00,GreenLeaf Job,Groceries,GreenLeaf,1.11000001430511,2.83999991416931,22,35.5200002193451,32,10.6559998989105,1.11000001069271
694.00,Orion Even,Home & Kitchen,Orion,318.230010986328,2.75,26,12092.7402648926,38,3627.82197265625,318.230009030073
695.00,Harbor Action,Beauty,Harbor,35.0999984741211,4.78999996185303,21,1052.99996948242,30,315.900001525879,35.0999987163241
696.00,Solace Glass,Automotive,Solace,110.099998474121,4.53999996185303,18,2752.49994659424,25,825.749973297119,110.099998191551
697.00,Solace Ready,Electronics,Solace,1176,3.95000004768372,23,38808,33,11642.4,1176
698.00,Everest Represent,Pet Supplies,Everest,48.4000015258789,2.72000002861023,22,1839.20001983643,38,551.759979248047,48.4000009478945
699.00,Nimbus Politics,Home & Kitchen,Nimbus,204.470001220703,4.80999994277954,18,4907.2799987793,24,1472.18397827148,204.470000655563
700.00,GreenLeaf Century,Clothing,GreenLeaf,186.130004882813,2.86999988555908,21,5583.90014648438,30,1675.17004394531,186.130004882813
701.00,Astra My,Home & Kitchen,Astra,349.010009765625,3.0699999332428,20,9074.26025390625,26,2722.27807617188,349.010009765625
702.00,GreenLeaf Condition,Electronics,GreenLeaf,667.590026855469,2.79999995231628,18,16022.1605224609,24,4806.64807128906,667.590024594907
703.00,Everest It,Beauty,Everest,26.3899993896484,3.97000002861023,22,976.429977416992,37,292.928993225098,26.3899993896484
704.00,NeoTech Girl,Home & Kitchen,NeoTech,194.490005493164,4.65999984741211,24,7390.62002563477,38,2217.1858795166,194.490002950033
705.00,Zenith Form,Pet Supplies,Zenith,62.0499992370605,3.3199999332428,27,2357.89996337891,38,707.369983673096,62.0499991428705
706.00,Solace Situation,Home & Kitchen,Solace,112.220001220703,2.75,25,3927.70004272461,35,1178.31001281738,112.220001220703
707.00,Astra Another,Toys,Astra,26,3.19000005722046,25,1040,40,312,26
708.00,Nimbus Under,Beauty,Nimbus,208.740005493164,2.90000009536743,19,5218.5001373291,25,1565.55004119873,208.740005493164
709.00,Everest Unit,Sports,Everest,142.679992675781,4.48999977111816,16,3995.03991699219,28,1198.51206054688,142.679995218913
710.00,Zenith Too,Sports,Zenith,110.330001831055,3.25999999046326,24,3089.24003601074,28,926.772000122071,110.330001619127
711.00,Solace Really,Electronics,Solace,536.330017089844,3.98000001907349,15,9653.94030761719,18,2896.18209228516,536.330017089844
712.00,GreenLeaf Window,Clothing,GreenLeaf,97.4599990844727,4.55999994277954,18,2339.03999328613,24,701.712008666992,97.4599993670428
713.00,Harbor Other,Books,Harbor,31.3899993896484,4.40000009536743,22,1035.8699798584,33,310.76099395752,31.3899993896484
714.00,Everest Economic,Groceries,Everest,22.5499992370605,3.91000008583069,25,721.599987030029,32,216.480004119873,22.5499993896484
715.00,Astra Style,Books,Astra,49.8400001525879,2.55999994277954,23,1545.04001235962,31,463.512009048462,49.8400002631588
716.00,Acme Factor,Electronics,Acme,273.910003662109,4.48000001907349,23,10134.6699829102,37,3040.40088806152,273.910001450691
717.00,Astra Nation,Books,Astra,53.2400016784668,4.53999996185303,25,1703.68004608154,32,511.104008483887,53.2400015767415
718.00,Solace Through,Automotive,Solace,384.399993896484,3.55999994277954,22,13069.5997314453,34,3920.87987670899,384.399992971709
719.00,NeoTech Network,Beauty,NeoTech,134.949996948242,3.01999998092651,18,2833.94993591309,21,850.184980773926,134.949996948242
720.00,GreenLeaf Charge,Home & Kitchen,GreenLeaf,293.239990234375,2.72000002861023,18,7037.759765625,24,2111.3279296875,293.239990234375
721.00,GreenLeaf Measure,Toys,GreenLeaf,52.9199981689453,3.74000000953674,29,1958.03993225098,37,587.411979675293,52.9199981689453
722.00,NeoTech Build,Clothing,NeoTech,104.019996643066,4.57000017166138,23,3120.59990692139,30,936.179977416993,104.019996753637
723.00,Astra Move,Electronics,Astra,244.360000610352,4.59000015258789,19,7330.80004882813,30,2199.24003601074,244.360001145748
724.00,Zenith Forget,Groceries,Zenith,20.9200000762939,4.51000022888184,26,920.479995727539,44,276.143993377686,20.9199999784812
725.00,Astra Into,Electronics,Astra,412.670013427734,4.55000019073486,15,8666.07022094727,21,2599.82102355957,412.670012156169
726.00,NeoTech Production,Clothing,NeoTech,109.919998168945,3.26999998092651,25,3847.19996643066,35,1154.1600112915,109.919998575846
727.00,Pulse Miss,Beauty,Pulse,133.580001831055,3.13000011444092,22,4007.40002441406,30,1202.21998596191,133.580001368667
728.00,Solace Around,Beauty,Solace,34,2.92000007629395,22,1054,31,316.2,34
729.00,Orion View,Clothing,Orion,49.6599998474121,3.89000010490417,20,1191.83999252319,24,357.55199508667,49.6599997838338
730.00,Everest Miss,Automotive,Everest,570.570007324219,2.92000007629395,23,19969.950012207,35,5990.98483276367,570.570003785949
731.00,Pulse Treat,Electronics,Pulse,1236.42004394531,4.23000001907349,31,53166.0616455078,43,15949.8183227539,1236.42004132014
732.00,NeoTech Receive,Books,NeoTech,52.8699989318848,3.17000007629395,18,1216.00997924805,23,364.802996444702,52.8699990025273
733.00,Nimbus Check,Beauty,Nimbus,97.6900024414063,4.25,24,3712.22009277344,38,1113.66602783203,97.6900024414063
734.00,Acme Like,Clothing,Acme,86.3399963378906,4.57999992370605,26,3626.27984619141,42,1087.88395385742,86.3399963378906
735.00,Nimbus City,Automotive,Nimbus,639.960021972656,3.45000004768372,21,17918.8804931641,28,5375.6640625,639.960020035032
736.00,GreenLeaf The,Home & Kitchen,GreenLeaf,63.0800018310547,4.28999996185303,25,2018.56005859375,32,605.568017578125,63.0800018310547
737.00,Zenith Pm,Clothing,Zenith,92.2300033569336,4.32000017166138,29,3965.89011383057,43,1189.76701278687,92.2300030061568
738.00,Nimbus State,Sports,Nimbus,121.639999389648,4.09999990463257,18,2797.7200012207,23,839.316011047363,121.639999672219
739.00,Everest Shake,Beauty,Everest,70.129997253418,2.51999998092651,16,1472.72994995117,21,441.818990325928,70.1299974123637
740.00,Orion Mention,Books,Orion,73.3899993896484,2.66000008583069,32,3375.93997192383,46,1012.78199157715,73.3899993896484
741.00,Nimbus For,Electronics,Nimbus,704.460021972656,2.96000003814697,16,19020.4202270508,27,5706.12581176758,704.460014343262
742.00,Everest Read,Books,Everest,3.69000005722046,4.88000011444092,25,121.770000934601,33,36.5309996128082,3.6900000445048
743.00,Harbor Fill,Electronics,Harbor,270.470001220703,3.51999998092651,17,5950.33999633789,22,1785.10197753906,270.470000622319
744.00,Acme Arrive,Pet Supplies,Acme,88.6800003051758,4.01999998092651,24,2837.76001739502,32,851.328010559082,88.6800004111396
745.00,Nimbus Today,Electronics,Nimbus,1248.13000488281,3.57999992370605,15,24962.5998535156,20,7488.77978515625,1248.12999945747
746.00,Pulse Bad,Toys,Pulse,71.0100021362305,2.82999992370605,25,2201.31005096436,31,660.393004608155,71.0100019327799
747.00,Willow Continue,Beauty,Willow,126.370002746582,3.82999992370605,23,3917.47003936768,31,1175.24097976685,126.370002083156
748.00,Willow Remain,Clothing,Willow,128.369995117188,2.85999989509583,19,3465.98986816406,27,1039.79696044922,128.369995117188
749.00,GreenLeaf Authority,Electronics,GreenLeaf,254.080001831055,4.82999992370605,24,9146.8800201416,36,2744.06397399902,254.080001195272
750.00,Astra Leader,Beauty,Astra,44.3800010681152,4.55999994277954,21,1153.8800239563,26,346.164004516602,44.3800010075645
751.00,Willow At,Books,Willow,2.72000002861023,3.47000002861023,26,95.2000007629395,35,28.5600000619888,2.72000002555358
752.00,Pulse Act,Groceries,Pulse,3.5699999332428,2.64000010490417,21,107.099998474121,30,32.1299998760223,3.56999994081164
753.00,Harbor Town,Beauty,Harbor,6.75,4.69000005722046,16,141.75,21,42.525,6.75
754.00,Acme Information,Electronics,Acme,1511.10998535156,3.88000011444092,24,42311.0795898438,28,12693.3238769531,1511.10998535156
755.00,Nimbus Affect,Books,Nimbus,39.3400001525879,3.69000005722046,21,1022.84000015259,26,306.851997375488,39.3400000920371
756.00,Solace Resource,Toys,Solace,31.7199993133545,2.74000000953674,23,1078.47998809814,34,323.544004440308,31.7199994792109
757.00,Zenith Lead,Toys,Zenith,94.9499969482422,4.15000009536743,20,2658.59996032715,28,797.580020141602,94.9499977111816
758.00,NeoTech Guess,Automotive,NeoTech,236.699996948242,4.53999996185303,31,10651.499786377,45,3195.44988250732,236.699996127877
759.00,Acme Gun,Home & Kitchen,Acme,153.059997558594,4.01000022888184,17,3214.25994873047,21,964.277984619141,153.059997558594
760.00,Zenith North,Beauty,Zenith,20.4099998474121,4.88000011444092,34,1020.49999237061,50,306.149997711182,20.4099998474121
761.00,Willow Perform,Pet Supplies,Willow,57.8699989318848,2.5699999332428,25,2083.31997299194,36,624.995999908447,57.8699990844727
762.00,Everest Response,Clothing,Everest,185.460006713867,3.86999988555908,37,9643.92027282715,52,2893.17602844238,185.460006026534
763.00,Everest Network,Groceries,Everest,19.5100002288818,2.9300000667572,22,721.870000839233,37,216.560994911194,19.5100001132849
764.00,Harbor Much,Sports,Harbor,226.240005493164,2.90000009536743,26,7692.16009521484,34,2307.64796447754,226.240004319411
765.00,Everest Show,Toys,Everest,114.029998779297,3.34999990463257,26,4333.13995361328,38,1299.94198608398,114.029998779297
766.00,Pulse Sell,Clothing,Pulse,22.4799995422363,4.44000005722046,22,764.319999694824,34,229.2960105896,22.4799997734301
767.00,Everest Family,Automotive,Everest,327.679992675781,2.60999989509583,32,12124.1597290039,37,3637.24791870117,327.679992675781
768.00,Harbor Wind,Pet Supplies,Harbor,50.7799987792969,2.66000008583069,22,1828.07995605469,36,548.423986816406,50.7799987792969
769.00,Orion Above,Electronics,Orion,775.52001953125,3.71000003814697,19,22490.0805664063,29,6747.02416992188,775.52001953125
770.00,Nimbus Size,Pet Supplies,Nimbus,155.399993896484,3.76999998092651,19,4195.79989624023,27,1258.74001159668,155.399994967277
771.00,Solace Somebody,Pet Supplies,Solace,31.4300003051758,4.09000015258789,17,817.18000793457,26,245.154002380371,31.4300003051758
772.00,NeoTech Identify,Pet Supplies,NeoTech,85.2699966430664,2.60999989509583,20,2558.09990692139,30,767.429977416992,85.269996770223
773.00,Astra Page,Beauty,Astra,9.57999992370605,2.79999995231628,14,143.699998855591,15,43.1099996566772,9.57999992370605
774.00,Harbor Think,Clothing,Harbor,20.3999996185303,4.69000005722046,29,734.399991989136,36,220.320001602173,20.3999996843009
775.00,Everest Real,Clothing,Everest,69.0999984741211,3.8199999332428,26,2487.59995269775,36,746.279991149902,69.0999985719339
776.00,Pulse Study,Clothing,Pulse,41.5099983215332,3.80999994277954,21,1245.29996109009,30,373.589996337891,41.5099985031855
777.00,NeoTech Eye,Pet Supplies,NeoTech,27.1900005340576,4.6399998664856,30,1060.41002082825,39,318.123006248474,27.1900005340576
778.00,Astra Clearly,Clothing,Astra,56.0499992370605,3.65000009536743,15,952.849987030029,17,285.854996109009,56.0499992370605
779.00,Nimbus Seven,Books,Nimbus,8.89000034332275,4.34999990463257,28,355.600009918213,40,106.680000305176,8.89000029790969
780.00,Nimbus Condition,Toys,Nimbus,42.189998626709,2.55999994277954,26,1476.64996337891,35,442.994997024536,42.1899987734281
781.00,Pulse Bad,Pet Supplies,Pulse,94.6100006103516,4.57000017166138,27,4068.22996520996,43,1220.46894683838,94.6099998568311
782.00,Harbor None,Pet Supplies,Harbor,35.8199996948242,3.55999994277954,22,1002.95999145508,28,300.887997436524,35.8199996948242
783.00,Acme View,Automotive,Acme,134.240005493164,3.39000010490417,21,3892.96012878418,29,1167.88801727295,134.240005008758
784.00,Harbor Bar,Toys,Harbor,49.7000007629395,2.63000011444092,31,2186.80004882813,44,656.04002532959,49.7000009270125
785.00,Orion Down,Toys,Orion,111.120002746582,2.8199999332428,21,3111.36003112793,28,933.407977294922,111.120002019973
786.00,Solace Environmental,Books,Solace,13.2399997711182,4.40999984741211,23,383.959997177124,29,115.188001823425,13.2399998264036
787.00,Acme Attack,Toys,Acme,62.4700012207031,2.69000005722046,21,1874.10003662109,30,562.230010986328,62.4700012207031
788.00,Solace Activity,Pet Supplies,Solace,95.9800033569336,4.03000020980835,32,4511.0601272583,47,1353.31801681519,95.9800030390422
789.00,Zenith Game,Toys,Zenith,87.4800033569336,4.25,32,4461.48014068604,51,1338.44402084351,87.4800030390422
790.00,Acme Whether,Automotive,Acme,359.119995117188,3.05999994277954,22,10773.5998535156,30,3232.07995605469,359.119995117188
791.00,Pulse Piece,Books,Pulse,40.1399993896484,2.84999990463257,19,1043.63998413086,26,313.091995239258,40.1399993896484
792.00,Zenith Might,Sports,Zenith,228.300003051758,3.99000000953674,15,4566.00007629395,20,1369.80003356934,228.300003390842
793.00,Willow Agree,Clothing,Willow,168,3.82999992370605,18,3864,23,1159.2,168
794.00,NeoTech Nice,Toys,NeoTech,62.0999984741211,2.59999990463257,16,1800.89999389648,29,540.270024871826,62.0999992688497
795.00,GreenLeaf News,Books,GreenLeaf,44.5499992370605,4.53000020980835,24,1559.24996185303,35,467.774980545044,44.5499990781148
796.00,Acme Bank,Beauty,Acme,26.1000003814697,2.66000008583069,22,887.400020599365,34,266.220011520386,26.1000004970666
797.00,Astra Congress,Toys,Astra,9.97999954223633,4.15000009536743,15,209.579992294312,21,62.8739990234375,9.97999958462185
798.00,Solace Discover,Groceries,Solace,26.1499996185303,2.79999995231628,23,889.099981307983,34,266.729990386963,26.1499995356021
799.00,Willow Prove,Automotive,Willow,434.670013427734,4.61999988555908,17,9997.41024780273,23,2999.22303161621,434.670012230967
800.00,Acme Whom,Pet Supplies,Acme,24.9799995422363,4.44000005722046,22,849.320003509521,34,254.796014404297,24.9799998312285
801.00,Everest Voice,Pet Supplies,Everest,31.7000007629395,3.85999989509583,25,1077.80001831055,34,323.340000152588,31.7000006612142
802.00,Orion Stand,Clothing,Orion,173.339996337891,3.74000000953674,18,4506.83993530273,26,1352.05200195313,173.339996873287
803.00,GreenLeaf Item,Electronics,GreenLeaf,953.030029296875,3.4300000667572,30,47651.5014648438,50,14295.4504394531,953.030029296875
804.00,Harbor Crime,Toys,Harbor,72.3300018310547,2.70000004768372,20,2386.8900604248,33,716.067018127442,72.3300018310547
805.00,Nimbus Standard,Beauty,Nimbus,35.0800018310547,3.72000002861023,15,877.000015258789,25,263.099983215332,35.0800011528863
806.00,Willow Religious,Electronics,Willow,484.179992675781,2.73000001907349,16,12104.5000610352,25,3631.35018920898,484.179997762044
807.00,Nimbus Financial,Electronics,Nimbus,1205.09997558594,3.41000008583069,22,33742.7994384766,28,10122.8399169922,1205.09997743549
808.00,Astra Herself,Clothing,Astra,125.019996643066,3.22000002861023,19,3125.49993133545,25,937.649990081787,125.019996910764
809.00,GreenLeaf Carry,Clothing,GreenLeaf,232.339996337891,3.92000007629395,24,7434.87991333008,32,2230.46399536133,232.339996761746
810.00,Willow Walk,Pet Supplies,Willow,58.4599990844727,3.85999989509583,24,2046.09999084473,35,613.830013275147,58.4599994023641
811.00,Orion Listen,Toys,Orion,86.1600036621094,4.07999992370605,16,1637.04006958008,19,491.112020874024,86.1600036621094
812.00,Solace Time,Groceries,Solace,24.2000007629395,2.79999995231628,21,847.000007629395,35,254.099988937378,24.2000004601857
813.00,Orion Smile,Clothing,Orion,205.740005493164,2.69000005722046,21,6377.94003295898,31,1913.38191375732,205.740003313337
814.00,Solace Song,Electronics,Solace,680.150024414063,4.1100001335144,21,20404.5003662109,30,6121.34985351563,680.15001860119
815.00,Willow Leader,Home & Kitchen,Willow,408.709991455078,4.76000022888184,22,10217.7498168945,25,3065.32496643067,408.709991917466
816.00,Pulse Author,Toys,Pulse,56.5999984741211,4.26000022888184,27,2037.59995269775,36,611.279991149902,56.5999985683111
817.00,Orion Adult,Beauty,Orion,134.539993286133,2.79999995231628,25,3901.65982055664,29,1170.49795684814,134.539993489583
818.00,Willow Indicate,Books,Willow,42.1500015258789,3.59999990463257,11,674.400009155273,16,202.31999206543,42.1500010634914
819.00,Orion Range,Sports,Orion,159.139999389648,3.67000007629395,35,8116.14002990723,51,2434.84205169678,159.139999970936
820.00,Orion Get,Automotive,Orion,974.159973144531,2.50999999046326,28,39940.5592041016,41,11982.1679748535,974.159976777576
821.00,Acme Traditional,Clothing,Acme,166.220001220703,4.44000005722046,26,5319.0400390625,32,1595.71201171875,166.220001220703
822.00,Astra All,Clothing,Astra,36.0800018310547,2.57999992370605,15,649.440032958984,18,194.832009887695,36.0800018310547
823.00,Harbor Today,Clothing,Harbor,247.470001220703,4.21000003814697,20,6929.16003417969,28,2078.74801025391,247.470001220703
824.00,Nimbus Report,Beauty,Nimbus,83.1100006103516,4.80000019073486,29,3906.17002868652,47,1171.85100860596,83.1100006103516
825.00,Harbor National,Clothing,Harbor,23.9200000762939,4.34999990463257,32,1243.84001731873,52,373.152014541626,23.920000211157
826.00,Acme Mind,Clothing,Acme,26.7900009155273,4.38000011444092,21,964.440032958984,36,289.332009887695,26.7900009155273
827.00,Willow Cell,Books,Willow,52.5299987792969,4.28999996185303,26,1891.07995605469,36,567.323986816406,52.5299987792969
828.00,Nimbus Nature,Groceries,Nimbus,8.60000038146973,3.42000007629395,11,111.800004959106,13,33.5400014877319,8.60000038146973
829.00,Harbor Art,Beauty,Harbor,111.059997558594,2.69000005722046,26,3776.03991699219,34,1132.81197509766,111.059997558594
830.00,Orion Unit,Toys,Orion,72.4499969482422,4.25,19,1883.69995117188,26,565.110006713867,72.4499974836383
831.00,Zenith Strong,Pet Supplies,Zenith,24.4300003051758,3.21000003814697,21,659.610008239746,27,197.883002471924,24.4300003051758
832.00,NeoTech Able,Groceries,NeoTech,8.0600004196167,4.76000022888184,32,314.340016365051,39,94.3020049095154,8.0600004196167
833.00,Acme Option,Home & Kitchen,Acme,63.0800018310547,4.32000017166138,20,2018.56005859375,32,605.568017578125,63.0800018310547
834.00,Zenith Need,Electronics,Zenith,479.799987792969,4.6399998664856,18,11035.3997802734,23,3310.61997680664,479.799988923249
835.00,Acme School,Books,Acme,17.5699996948242,4.28000020980835,20,509.529991149902,29,152.858997344971,17.5699996948242
836.00,NeoTech Develop,Books,NeoTech,35.2400016784668,2.52999997138977,24,1233.40004348755,35,370.020002365112,35.2400014665392
837.00,Zenith Performance,Pet Supplies,Zenith,81.3199996948242,4,22,2439.60001373291,30,731.880020141602,81.3200000416149
838.00,Nimbus These,Clothing,Nimbus,57.6500015258789,2.84999990463257,26,2017.75003814697,35,605.325000762939,57.6500013302534
839.00,Harbor Simple,Books,Harbor,67.2699966430664,2.64000010490417,14,1345.39995574951,20,403.620002746582,67.2699971880232
840.00,Harbor Probably,Automotive,Harbor,548.830017089844,4.09000015258789,20,15367.2403564453,28,4610.17202148438,548.830015055338
841.00,Pulse Daughter,Pet Supplies,Pulse,34.3199996948242,2.51999998092651,18,857.999992370605,25,257.399997711182,34.3199996948242
842.00,NeoTech Who,Home & Kitchen,NeoTech,239.550003051758,3.90000009536743,27,8144.70013427734,34,2443.41006164551,239.550003428518
843.00,NeoTech Finally,Home & Kitchen,NeoTech,51.5699996948242,4.65000009536743,18,1340.82001495361,26,402.246020507812,51.5700001186795
844.00,NeoTech Second,Toys,NeoTech,31.9799995422363,3.42000007629395,22,991.379997253418,31,297.41400718689,31.9799997156317
845.00,Nimbus Whole,Groceries,Nimbus,11.1400003433228,4.40000009536743,16,233.940007209778,21,70.1820021629334,11.1400003433228
846.00,Willow Recent,Automotive,Willow,226.360000610352,3.50999999046326,21,7017.16004943848,31,2105.14803619385,226.360001094758
847.00,Acme Year,Home & Kitchen,Acme,165.889999389648,3.5699999332428,22,5474.37002563477,33,1642.31103973389,165.89000008323
848.00,Astra Finally,Clothing,Astra,97.6800003051758,2.66000008583069,25,3809.52004241943,39,1142.85603408814,97.6800007120768
849.00,Zenith Road,Automotive,Zenith,157.669998168945,3.8199999332428,20,4099.41996765137,26,1229.82600097656,157.669998423258
850.00,GreenLeaf Mean,Clothing,GreenLeaf,60.8300018310547,4.88000011444092,22,1824.90005493164,30,547.470016479492,60.8300018310547
851.00,Nimbus Serve,Books,Nimbus,67.0800018310547,2.91000008583069,25,2683.20007324219,40,804.960021972656,67.0800018310547
852.00,Pulse Two,Automotive,Pulse,18.2299995422363,3.00999999046326,18,401.059989929199,22,120.31799697876,18.2299995422363
853.00,Everest Cultural,Beauty,Everest,121.169998168945,4.25,23,4119.77996826172,34,1235.93401184082,121.169998611229
854.00,GreenLeaf Plan,Automotive,GreenLeaf,685.590026855469,2.58999991416931,24,19882.1107177734,29,5964.63317260742,685.590026007758
855.00,Acme Room,Sports,Acme,366.839996337891,3.40000009536743,31,14306.7598876953,39,4292.0279876709,366.839996666037
856.00,Acme Part,Sports,Acme,113.75,4.21999979019165,26,4663.75,41,1399.125,113.75
857.00,Nimbus Present,Pet Supplies,Nimbus,53.5,4.88000011444092,19,1337.5,25,401.25,53.5
858.00,Harbor City,Clothing,Harbor,185.029998779297,3.01999998092651,20,5735.93008422852,31,1720.77911071777,185.030000813802
859.00,Pulse Decide,Electronics,Pulse,422.220001220703,3.50999999046326,23,13933.2601318359,33,4179.9781036377,422.220002547554
860.00,Everest Deep,Electronics,Everest,264.079986572266,3.05999994277954,18,6866.07971191406,26,2059.82395629883,264.079987702546
861.00,Orion Voice,Toys,Orion,81.5199966430664,3.53999996185303,29,2771.67988586426,34,831.503965759278,81.5199966430664
862.00,NeoTech Standard,Sports,NeoTech,119.519996643066,3.42000007629395,18,2629.43993377686,22,788.831985473633,119.519996784352
863.00,Zenith Glass,Toys,Zenith,110.709999084473,4.11999988555908,24,3985.55999755859,36,1195.66802062988,110.709999508328
864.00,NeoTech Decide,Clothing,NeoTech,168.440002441406,3.48000001907349,26,5390.080078125,32,1617.0240234375,168.440002441406
865.00,GreenLeaf Image,Sports,GreenLeaf,158.059997558594,4.82000017166138,23,4583.73992919922,29,1375.12197875977,158.059997558594
866.00,Willow Very,Beauty,Willow,74.5,3.07999992370605,23,2160.5,29,648.15,74.5
867.00,GreenLeaf Everybody,Clothing,GreenLeaf,183.869995117188,3.84999990463257,24,6803.18981933594,37,2040.95694580078,183.869995117188
868.00,Willow Eat,Beauty,Willow,131.160003662109,3.36999988555908,23,4984.08013916016,38,1495.22404174805,131.160003662109
869.00,Harbor Nature,Sports,Harbor,146.169998168945,3.17000007629395,24,4677.43995666504,32,1403.23199768066,146.169998380873
870.00,Orion Thought,Clothing,Orion,132.710006713867,3.3199999332428,22,3185.04016113281,24,955.512048339844,132.710006713867
871.00,Solace Job,Toys,Solace,15.039999961853,3.16000008583069,25,526.399995803833,35,157.919996738434,15.0399999237061
872.00,Astra Begin,Sports,Astra,51.3300018310547,2.97000002861023,19,1077.93003845215,21,323.379011535645,51.3300018310547
873.00,Harbor Television,Home & Kitchen,Harbor,94.5800018310547,4.80999994277954,18,2553.65998840332,27,766.097953796387,94.580000700774
874.00,Acme American,Electronics,Acme,725.630004882813,2.72000002861023,16,17415.1197509766,24,5224.53566894531,725.629997253418
875.00,Pulse Season,Automotive,Pulse,376.179992675781,4.13000011444092,16,7523.59991455078,20,2257.08001708984,376.179993947347
876.00,Acme Effort,Groceries,Acme,20.2299995422363,2.84999990463257,26,687.819984436035,34,206.34599533081,20.2299995422363
877.00,Willow Commercial,Groceries,Willow,24.0900001525879,4.32999992370605,18,554.069999694824,23,166.220997238159,24.0900000819453
878.00,Orion Thought,Books,Orion,56.0299987792969,4.55999994277954,25,2017.07995605469,36,605.123986816407,56.0299987792969
879.00,GreenLeaf Couple,Home & Kitchen,GreenLeaf,134.169998168945,2.79999995231628,22,3354.24995422363,25,1006.27498626709,134.169998168945
880.00,Harbor Gas,Sports,Harbor,401.230010986328,4.3600001335144,19,12438.130065918,31,3731.43882751465,401.230006167763
881.00,GreenLeaf It,Home & Kitchen,GreenLeaf,441.040008544922,4.55999994277954,14,10143.920135498,23,3043.17599792481,441.040007091704
882.00,Nimbus Somebody,Sports,Nimbus,215.649993896484,4.55000019073486,23,7763.39990234375,36,2329.02005615234,215.649995665619
883.00,Astra Find,Sports,Astra,139.020004272461,2.95000004768372,25,4309.62013244629,31,1292.88603973389,139.020004272461
884.00,Willow Nation,Pet Supplies,Willow,15.289999961853,4.05000019073486,27,565.729994773865,37,169.718995761871,15.289999914758
885.00,Nimbus Whose,Automotive,Nimbus,606.700012207031,4.32999992370605,21,15774.2002563477,26,4732.26003417969,606.700011238219
886.00,Pulse Sea,Automotive,Pulse,886.77001953125,4.78999996185303,21,31923.720703125,36,9577.1162109375,886.77001953125
887.00,Acme Democratic,Automotive,Acme,670.630004882813,4.1399998664856,17,15424.4901123047,23,4627.34703369141,670.630004882813
888.00,Orion Instead,Home & Kitchen,Orion,29.5200004577637,4.5,28,1298.88000106812,44,389.663986968994,29.5200002306984
889.00,Nimbus Nice,Groceries,Nimbus,9.10000038146973,4.55999994277954,26,345.800010681152,38,103.740000534058,9.10000033256335
890.00,Zenith Factor,Beauty,Zenith,48.6399993896484,3.04999995231628,25,1848.31997680664,38,554.495993041992,48.6399993896484
891.00,NeoTech Direction,Groceries,NeoTech,29.6800003051758,3.38000011444092,24,1098.1600112915,37,329.448003387451,29.6800003051758
892.00,GreenLeaf Measure,Toys,GreenLeaf,67.0999984741211,4.8600001335144,16,1677.49998474121,25,503.250011444092,67.0999989509583
893.00,Astra Worker,Pet Supplies,Astra,87.9100036621094,2.67000007629395,25,2725.21011352539,31,817.563034057617,87.9100036621094
894.00,Zenith Baby,Groceries,Zenith,36.5299987792969,3.85999989509583,21,1132.4299621582,31,339.728988647461,36.5299987792969
895.00,Harbor Risk,Groceries,Harbor,34.0999984741211,3.54999995231628,20,988.899971008301,29,296.670001983643,34.0999987284342
896.00,NeoTech Later,Toys,NeoTech,78.3600006103516,3,22,2507.52001953125,32,752.256005859375,78.3600006103516
897.00,GreenLeaf Fight,Pet Supplies,GreenLeaf,56.2599983215332,3.29999995231628,17,1125.19997024536,20,337.559993743896,56.2599983963312
898.00,Zenith Although,Sports,Zenith,116.26000213623,4.42000007629395,21,2790.24005126953,24,837.072015380859,116.26000213623
899.00,Willow Including,Beauty,Willow,97.7799987792969,3.5699999332428,21,2933.39996337891,30,880.019989013672,97.7799987792969
900.00,Pulse Real,Groceries,Pulse,21.1000003814697,3.34999990463257,23,633.000009536743,30,189.900001525879,21.100000353827
901.00,Willow Back,Sports,Willow,97.5899963378906,3.35999989509583,22,2830.10989379883,29,849.032968139648,97.5899963378906
902.00,GreenLeaf Card,Pet Supplies,GreenLeaf,42.9099998474121,4.11999988555908,35,2016.76999282837,47,605.030997848511,42.9099998474121
903.00,Pulse Paper,Toys,Pulse,85.4599990844727,3.1800000667572,22,2136.49997711182,25,640.949993133545,85.4599990844727
904.00,Nimbus Environment,Toys,Nimbus,47.0800018310547,3.97000002861023,18,1082.84004211426,23,324.852012634277,47.0800018310547
905.00,Solace Star,Toys,Solace,32.7299995422363,4.59999990463257,23,850.979988098145,26,255.293996429443,32.7299995422363
906.00,Acme Happy,Beauty,Acme,26.4899997711182,4.73999977111816,23,821.189998626709,31,246.357003593445,26.4899998540464
907.00,NeoTech Building,Pet Supplies,NeoTech,54.4599990844727,3.5699999332428,27,1797.17997741699,33,539.153998565674,54.4599991786627
908.00,GreenLeaf A,Electronics,GreenLeaf,462.760009765625,3.30999994277954,29,19435.9204101563,42,5830.77612304688,462.760009765625
909.00,Orion Head,Pet Supplies,Orion,72.7099990844727,3.85999989509583,24,2544.84999847412,35,763.455020904541,72.7099995083279
910.00,Orion Group,Electronics,Orion,2337.85009765625,3.44000005722046,21,60784.1020507813,26,18235.2302734375,2337.85008990575
911.00,Solace Bit,Books,Solace,72,4.19000005722046,17,1872,26,561.6,72
912.00,Pulse Manage,Automotive,Pulse,189.789993286133,2.96000003814697,19,4554.95985412598,24,1366.48796691894,189.789993553831
913.00,Orion Sign,Toys,Orion,32.1300010681152,4.09000015258789,23,963.900024414063,30,289.170001983643,32.1300009575443
914.00,Harbor Meeting,Pet Supplies,Harbor,97.629997253418,4.21000003814697,20,2636.00994873047,27,790.80300064087,97.6299976348877
915.00,Solace Subject,Home & Kitchen,Solace,231.619995117188,3.61999988555908,15,5327.25988769531,23,1598.17796630859,231.619995117188
916.00,Acme Radio,Sports,Acme,81.7399978637695,3.17000007629395,20,2288.71994781494,28,686.615989685059,81.7399979909261
917.00,Astra Upon,Toys,Astra,20.5799999237061,2.82999992370605,17,493.920001983643,24,148.176003265381,20.579999998504
918.00,Astra Space,Home & Kitchen,Astra,98.5500030517578,4.1100001335144,30,4336.20007324219,44,1300.85997924805,98.5500023735894
919.00,Willow Value,Toys,Willow,33.9900016784668,2.92000007629395,19,679.800033569336,20,203.940010070801,33.9900016784668
920.00,Nimbus Girl,Books,Nimbus,65.3499984741211,4.69999980926514,17,1633.74997711182,25,490.125003814697,65.349998773313
921.00,Acme Military,Home & Kitchen,Acme,47.8199996948242,4.80000019073486,23,1625.88000488281,34,487.764012145996,47.8199999159661
922.00,Pulse Goal,Home & Kitchen,Pulse,140.300003051758,4.5,20,3367.20007324219,24,1010.16002197266,140.300003051758
923.00,NeoTech Change,Groceries,NeoTech,6.51999998092651,4.03999996185303,21,195.599997520447,30,58.67999792099,6.51999995065114
924.00,Everest Table,Sports,Everest,122.599998474121,4.78999996185303,23,3555.39994812012,29,1066.61997909546,122.59999836355
925.00,Harbor Size,Books,Harbor,19.3500003814697,4.76000022888184,23,638.550010681152,33,191.565001869202,19.350000353827
926.00,Zenith He,Home & Kitchen,Zenith,19.3999996185303,4.28000020980835,20,601.399993896484,31,180.420002174377,19.3999997138977
927.00,NeoTech Bring,Electronics,NeoTech,1206.17004394531,3.34999990463257,23,36185.1011962891,30,10855.5302734375,1206.17004217618
928.00,Solace Give,Pet Supplies,Solace,55.2099990844727,3.4300000667572,25,1821.92997741699,33,546.578998565674,55.2099991861979
929.00,Nimbus Learn,Beauty,Nimbus,69.4300003051758,3.92000007629395,20,1874.60999298096,27,562.382987213135,69.4300000508626
930.00,Nimbus Hot,Toys,Nimbus,32.4300003051758,3.71000003814697,32,1394.49001312256,43,418.347003936768,32.4300003051758
931.00,Willow Production,Automotive,Willow,273.709991455078,3.33999991416931,21,7663.87979125977,28,2299.16395874024,273.709991939484
932.00,Astra Last,Pet Supplies,Astra,96.9499969482422,3.25999999046326,26,3684.09994506836,38,1105.23002624512,96.9499977307442
933.00,Pulse Attention,Sports,Pulse,167.449996948242,2.70000004768372,19,4186.24993896484,25,1255.87499237061,167.44999721594
934.00,Orion Network,Pet Supplies,Orion,24.3700008392334,2.59999990463257,25,755.470024108887,31,226.641005897522,24.3700008138021
935.00,Astra City,Pet Supplies,Astra,70.3199996948242,3.21000003814697,17,1406.39999389648,20,421.919998168945,70.3199996948242
936.00,Acme Clear,Home & Kitchen,Acme,236.970001220703,3.78999996185303,29,9952.7399597168,42,2985.82192382813,236.970000168373
937.00,Acme Computer,Electronics,Acme,401.299987792969,4.38000011444092,18,10835.0997924805,27,3250.53002319336,401.29999005353
938.00,GreenLeaf Remember,Books,GreenLeaf,83.5199966430664,2.51999998092651,23,3006.71990203857,36,902.015986633301,83.5199969747792
939.00,Zenith Now,Pet Supplies,Zenith,42.5699996948242,3.86999988555908,29,1660.22998809814,39,498.068996429443,42.5699996948242
940.00,Willow Blood,Automotive,Willow,658.02001953125,3.25,13,11844.3603515625,18,3553.30810546875,658.02001953125
941.00,Solace Across,Clothing,Solace,25.1000003814697,3.23000001907349,26,878.500015258789,35,263.550005912781,25.1000004059229
942.00,Acme Memory,Clothing,Acme,157,4.57999992370605,25,5966,38,1789.8,157
943.00,Willow Discuss,Clothing,Willow,111.580001831055,4.17999982833862,21,3458.98002624512,31,1037.69398651123,111.580001346649
944.00,GreenLeaf Cut,Clothing,GreenLeaf,20.3199996948242,4.30000019073486,25,833.119987487793,41,249.935996246338,20.3199996948242
945.00,Astra Later,Automotive,Astra,687.010009765625,4.19999980926514,22,20610.3002929688,30,6183.09008789062,687.010009765625
946.00,Everest Modern,Books,Everest,35.560001373291,2.89000010490417,20,1137.92003250122,32,341.376001739502,35.5600011825561
947.00,Harbor Cup,Groceries,Harbor,18.3700008392334,2.99000000953674,29,661.320026397705,36,198.396005249023,18.3700007953863
948.00,Harbor Several,Groceries,Harbor,21.0200004577637,2.75,23,609.580013275146,29,182.874003982544,21.0200004577637
949.00,Everest Drive,Toys,Everest,19.6800003051758,4.11999988555908,21,511.68000793457,26,153.504002380371,19.6800003051758
950.00,GreenLeaf Current,Automotive,GreenLeaf,654.760009765625,2.54999995231628,27,23571.3603515625,36,7071.40810546875,654.760009765625
951.00,Willow Place,Groceries,Willow,25.4799995422363,4.07000017166138,14,458.639991760254,18,137.591997528076,25.4799995422363
952.00,Nimbus Bag,Beauty,Nimbus,70.3399963378906,4.55000019073486,22,2250.87992858887,32,675.264010620117,70.3399970314719
953.00,Everest Century,Sports,Everest,163.080001831055,4.46999979019165,23,4729.3200378418,29,1418.79600067139,163.080001609913
954.00,Harbor Cost,Automotive,Harbor,661.52001953125,3.3199999332428,31,31091.4409179688,47,9327.43227539063,661.52001953125
955.00,Solace So,Sports,Solace,226.850006103516,2.83999991416931,30,9754.55017089844,43,2926.36498718262,226.850005086263
956.00,Harbor Suggest,Pet Supplies,Harbor,61.9000015258789,4.15000009536743,30,2661.70002746582,43,798.509981536865,61.9000011020237
957.00,Pulse Consider,Groceries,Pulse,20.3099994659424,3.49000000953674,21,548.369985580444,27,164.510995674133,20.3099994659424
958.00,Pulse Five,Sports,Pulse,78.2600021362305,2.5699999332428,18,2739.1000289917,35,821.729976654053,78.26000128852
959.00,Astra Idea,Beauty,Astra,71.7200012207031,3.46000003814697,23,2223.3200378418,31,666.996011352539,71.7200012207031
960.00,Acme South,Groceries,Acme,9.3100004196167,2.5,30,391.020014762878,42,117.306002426148,9.31000038782756
961.00,Solace Close,Automotive,Solace,698.450012207031,4.55000019073486,25,25842.6506958008,37,7752.79537963867,698.45001546224
962.00,Everest May,Clothing,Everest,274.660003662109,4.23000001907349,19,7690.48004150391,28,2307.14396972656,274.660002591317
963.00,Zenith By,Toys,Zenith,40.9199981689453,2.96000003814697,25,1432.19995880127,35,429.660003662109,40.9199984741211
964.00,Everest Some,Groceries,Everest,32.7799987792969,2.89000010490417,22,1180.07995605469,36,354.023986816406,32.7799987792969
965.00,Acme Off,Electronics,Acme,295.839996337891,3.9300000667572,26,10946.0799255371,37,3283.82402038574,295.839997120393
966.00,Harbor Buy,Electronics,Harbor,1151.46997070313,4.36999988555908,18,33392.6291503906,29,10017.7887451172,1151.46997070313
967.00,Astra Tend,Clothing,Astra,106.519996643066,3.29999995231628,25,3515.15991210938,33,1054.54798965454,106.519996948242
968.00,NeoTech Body,Sports,NeoTech,133.339996337891,3.02999997138977,26,4533.55987548828,34,1360.06796264648,133.339996337891
969.00,Astra A,Toys,Astra,12.6499996185303,2.74000000953674,23,366.849990844727,29,110.054998588562,12.649999646173
970.00,Acme Art,Pet Supplies,Acme,54.7700004577637,2.83999991416931,17,1150.17000961304,21,345.051002883911,54.7700004577637
971.00,Willow Tree,Groceries,Willow,21.25,3.90000009536743,9,318.75,15,95.625,21.25
972.00,Orion Style,Beauty,Orion,53.8800010681152,3.30999994277954,18,1077.6000213623,20,323.280006408692,53.8800010681152
973.00,Everest Push,Electronics,Everest,1603.75,2.83999991416931,13,25660,16,7698,1603.75
974.00,Everest Unit,Groceries,Everest,18.1499996185303,3.11999988555908,14,381.149997711182,21,114.345003318787,18.1499997547695
975.00,Nimbus Market,Pet Supplies,Nimbus,19.4099998474121,4.48000001907349,13,329.969997406006,17,98.9909992218018,19.4099998474121
976.00,Solace Billion,Automotive,Solace,398.820007324219,3.64000010490417,16,9172.86010742188,23,2751.85798950195,398.820006052653
977.00,Pulse Rise,Electronics,Pulse,1131.30004882813,4.25,20,33939.0007324219,30,10181.6997070313,1131.30003662109
978.00,Everest Miss,Groceries,Everest,6.57999992370605,4.28000020980835,17,138.179998397827,21,41.4539995193481,6.57999992370605
979.00,Solace Per,Home & Kitchen,Solace,23.8700008392334,3.52999997138977,21,644.490020751953,27,193.347004890442,23.870000808958
980.00,Acme Behavior,Books,Acme,53.189998626709,3.05999994277954,30,2021.21995925903,38,606.365995788574,53.1899987538656
981.00,Orion Machine,Books,Orion,30.5900001525879,3.74000000953674,22,978.879989624023,32,293.663986206055,30.5899999213941
982.00,NeoTech Agent,Pet Supplies,NeoTech,64.4599990844727,4.30999994277954,26,2191.63998413086,34,657.49200592041,64.4599992800982
983.00,Everest Meet,Home & Kitchen,Everest,23.5799999237061,4.51000022888184,17,636.659994125366,27,190.997995567322,23.5799998489081
984.00,Pulse Possible,Home & Kitchen,Pulse,244.360000610352,3.13000011444092,17,5620.28002929688,23,1686.08401947022,244.360000909544
985.00,Zenith Hot,Books,Zenith,43.2400016784668,4.03000020980835,25,1556.64004898071,36,466.99200668335,43.2400015258789
986.00,Everest So,Sports,Everest,32.25,4.69999980926514,19,806.25,25,241.875,32.25
987.00,Acme Wide,Pet Supplies,Acme,66.4599990844727,3.89000010490417,23,2259.63999176025,34,677.892013549805,66.4599994161855
988.00,Astra Purpose,Books,Astra,79.4199981689453,4.30000019073486,22,2620.8599395752,33,786.257981872559,79.4199981689453
989.00,GreenLeaf Single,Groceries,GreenLeaf,16.7399997711182,3.09999990463257,20,468.719997406006,28,140.61600189209,16.7399998346965
990.00,Orion Save,Automotive,Orion,66.5199966430664,4.48000001907349,24,1995.59990692139,30,598.679977416992,66.5199967490302
991.00,Everest Drug,Clothing,Everest,19.0799999237061,4.3899998664856,24,610.560001373291,32,183.168003082275,19.079999976688
992.00,Nimbus See,Groceries,Nimbus,10.4899997711182,3.98000001907349,19,304.209993362427,29,91.262998008728,10.4899997711182
993.00,NeoTech Laugh,Electronics,NeoTech,564.719970703125,3.29999995231628,20,15247.4392089844,27,4574.23176269531,564.719970703125
994.00,Harbor Opportunity,Toys,Harbor,27.4599990844727,2.8199999332428,13,411.89998626709,15,123.569995880127,27.4599990844727
995.00,Nimbus Level,Automotive,Nimbus,223.919998168945,2.9300000667572,13,4030.55996704102,18,1209.1679901123,223.919998168945
996.00,Harbor Source,Clothing,Harbor,54.7400016784668,4.6399998664856,23,1532.72003936768,28,459.816006469727,54.7400015678959
997.00,Everest Age,Books,Everest,49.7599983215332,3.6800000667572,18,1492.79995727539,30,447.839992523193,49.7599984628183
998.00,Acme Cause,Sports,Acme,57.4599990844727,4.30999994277954,21,1551.41998291016,27,465.426000213623,57.4599992055741
999.00,Solace Share,Sports,Solace,112.190002441406,3.96000003814697,25,4375.41009521484,39,1312.62302856445,112.190002441406
1000.00,Solace Never,Electronics,Solace,443.670013427734,4.19999980926514,26,16859.4603881836,38,5057.83803100586,443.67001186273
1001.00,Everest She,Books,Everest,25.7299995422363,2.78999996185303,35,1132.1199836731,44,339.635997772217,25.7299995785668
1002.00,Harbor Night,Clothing,Harbor,209.100006103516,3.6800000667572,31,8782.2001953125,42,2634.66001586914,209.100005447224
1003.00,Willow Peace,Automotive,Willow,676.950012207031,4.21999979019165,16,15569.8500976563,23,4670.95490112305,676.950008392334
1004.00,Acme Mention,Pet Supplies,Acme,12.8100004196167,3.13000011444092,22,333.06000995636,26,99.918002319336,12.8100004051671
1005.00,Acme Majority,Home & Kitchen,Acme,405.410003662109,3.14000010490417,24,13378.5300598145,33,4013.55897521973,405.410002814399
1006.00,Zenith Member,Beauty,Zenith,118.169998168945,3.8199999332428,14,2717.90995788574,23,815.372987365723,118.169998168945
1007.00,Acme Pm,Clothing,Acme,182.330001831055,3.83999991416931,21,5287.57002258301,29,1586.2709854126,182.330001346649
1008.00,GreenLeaf Meet,Home & Kitchen,GreenLeaf,438.350006103516,2.52999997138977,15,8767.00018310547,20,2630.10009765625,438.350007459852
1009.00,Orion Pull,Sports,Orion,32.4599990844727,2.85999989509583,29,1460.69995880127,45,438.209987640381,32.4599990844727
1010.00,Willow Interesting,Toys,Willow,69.1500015258789,2.82999992370605,20,1936.20001983643,28,580.859989929199,69.1500011444092
1011.00,Astra Many,Pet Supplies,Astra,48.2200012207031,4.42000007629395,28,1832.36004638672,38,549.708013916016,48.2200012207031
1012.00,Acme Him,Electronics,Acme,1290.19995117188,3.85999989509583,19,36125.5993652344,28,10837.6803222656,1290.19996402138
1013.00,Willow Spring,Automotive,Willow,1047.18005371094,4.40000009536743,19,26179.5012207031,25,7853.85028076172,1047.18005156935
1014.00,Zenith Appear,Groceries,Zenith,10.7799997329712,3.03999996185303,25,312.619992256165,29,93.7859976768494,10.7799997329712
1015.00,Pulse Seem,Beauty,Pulse,28.4899997711182,2.70000004768372,20,854.699998855591,30,256.410003662109,28.4899998664856
1016.00,Solace Glass,Electronics,Solace,542.859985351563,3.25999999046326,19,16285.7995605469,30,4885.73986816406,542.859985351563
1017.00,Orion Late,Sports,Orion,210.149993896484,3.35999989509583,18,4202.99987792969,20,1260.89996337891,210.149993896484
1018.00,Astra Yes,Automotive,Astra,80.5599975585938,3.79999995231628,26,3141.83990478516,39,942.551971435547,80.5599975585938
1019.00,GreenLeaf Whatever,Toys,GreenLeaf,81.6800003051758,3.60999989509583,23,2613.75998687744,32,784.127980041504,81.679999973463
1020.00,Acme Miss,Electronics,Acme,917.590026855469,2.57999992370605,21,23857.3406982422,26,7157.20220947266,917.590026855469
1021.00,Solace Fund,Beauty,Solace,72.4000015258789,2.98000001907349,19,2099.60001373291,29,629.879982757569,72.4000009904828
1022.00,GreenLeaf Save,Pet Supplies,GreenLeaf,44.5400009155273,2.77999997138977,28,1692.52001953125,38,507.755995178223,44.5400007338751
1023.00,Everest Early,Pet Supplies,Everest,93.4300003051758,2.85999989509583,18,2242.32001495361,24,672.69600982666,93.4300004464609
1024.00,Astra Pull,Electronics,Astra,2338.1298828125,3.47000002861023,19,65467.6376953125,28,19640.2919921875,2338.12989994518
1025.00,Solace Policy,Sports,Solace,270.769989013672,4.78999996185303,24,7852.32971191406,29,2355.69893493652,270.769989437527
1026.00,Harbor Hospital,Clothing,Harbor,168.25,3.89000010490417,25,5720.5,34,1716.15,168.25
1027.00,GreenLeaf Visit,Groceries,GreenLeaf,3.42000007629395,3.51999998092651,19,82.0800018310547,24,24.6240005493164,3.42000007629395
1028.00,Harbor Case,Beauty,Harbor,150.449996948242,4.5,22,5265.74993896484,35,1579.72501373291,150.449997641824
1029.00,Zenith Might,Groceries,Zenith,12.3100004196167,4.42999982833862,24,344.680011749268,28,103.40400352478,12.3100004196167
1030.00,Acme Figure,Home & Kitchen,Acme,263.799987792969,4.76000022888184,23,8705.39965820313,33,2611.61994018555,263.799988677536
1031.00,Solace Group,Pet Supplies,Solace,82.8499984741211,4.23000001907349,24,3065.44997406006,37,919.635013580322,82.8499988979763
1032.00,GreenLeaf About,Home & Kitchen,GreenLeaf,183.580001831055,4.80999994277954,20,5140.24002075195,28,1542.07198486328,183.580001322428
1033.00,Orion Daughter,Toys,Orion,54.6100006103516,3.49000000953674,19,1419.86001586914,26,425.958004760742,54.6100006103516
1034.00,Nimbus Imagine,Home & Kitchen,Nimbus,15.6199998855591,2.77999997138977,27,515.459998130798,33,154.638000774384,15.6199999091066
1035.00,Zenith Different,Toys,Zenith,79.5500030517578,2.91000008583069,16,1431.90005493164,18,429.570016479492,79.5500030517578
1036.00,Pulse Security,Electronics,Pulse,1075.65002441406,4.8600001335144,29,40874.7006835938,38,12262.4100341797,1075.65002160785
1037.00,Solace Growth,Home & Kitchen,Solace,130,3.52999997138977,14,2340,18,702,130
1038.00,Nimbus Deal,Books,Nimbus,22.4699993133545,4.84999990463257,18,516.809989929199,23,155.043000984192,22.4699994193183
1039.00,Nimbus Want,Toys,Nimbus,5.98000001907349,2.99000000953674,28,263.120002269745,44,78.9360016822815,5.98000003610338
1040.00,Willow Court,Beauty,Willow,22.1499996185303,4.13000011444092,28,841.699981689453,38,252.509991836548,22.1499995731172
1041.00,NeoTech Fine,Groceries,NeoTech,17.0300006866455,2.86999988555908,16,357.630012512207,21,107.289002418518,17.0300006469091
1042.00,Pulse Degree,Home & Kitchen,Pulse,225,3.64000010490417,18,4950,22,1485,225
1043.00,NeoTech Opportunity,Clothing,NeoTech,28.0499992370605,4.84000015258789,19,701.249980926514,25,210.374994277954,28.0499992370605
1044.00,Nimbus Every,Home & Kitchen,Nimbus,90.8199996948242,3.30999994277954,18,2361.31996917725,26,708.395974731446,90.8199992709689
1045.00,Pulse Front,Toys,Pulse,41.1500015258789,2.71000003814697,20,1193.3500289917,29,358.004998016357,41.1500012715658
1046.00,Zenith Lot,Clothing,Zenith,157.610000610352,3.30999994277954,23,4728.29998779297,30,1418.48997497559,157.610000168068
1047.00,Pulse But,Pet Supplies,Pulse,49.0900001525879,4.57999992370605,17,1129.07001495361,23,338.721012496948,49.0900003769818
1048.00,Astra Beyond,Electronics,Astra,871.919982910156,2.95000004768372,14,23541.8397827148,27,7062.55210571289,871.919988723028
1049.00,Zenith Their,Electronics,Zenith,1599.97998046875,3.71000003814697,21,54399.3193359375,34,16319.7958007813,1599.97998046875
1050.00,Acme If,Electronics,Acme,598.070007324219,3.16000008583069,26,26315.0799560547,44,7894.52373046875,598.070002629207
1051.00,Nimbus Tonight,Electronics,Nimbus,472.130004882813,2.60999989509583,18,15108.16015625,32,4532.448046875,472.130004882813
1052.00,NeoTech Customer,Clothing,NeoTech,196.490005493164,3.90000009536743,26,7859.59999084473,40,2357.87983703613,196.490002558782
1053.00,NeoTech Market,Beauty,NeoTech,108.800003051758,2.78999996185303,21,3046.40005493164,28,913.919995117188,108.800002567352
1054.00,Orion Rate,Groceries,Orion,24.6100006103516,4.76999998092651,18,615.250015258789,25,184.575004577637,24.6100006103516
1055.00,Harbor Wonder,Clothing,Harbor,123.01000213623,4.86999988555908,33,4797.39007568359,39,1439.2170173645,123.010002059166
1056.00,Willow Around,Beauty,Willow,32.0200004577637,4.42000007629395,21,992.620002746582,31,297.78599281311,32.0200002761114
1057.00,Acme Up,Automotive,Acme,538.469970703125,4.42000007629395,11,6461.6396484375,12,1938.49189453125,538.469970703125
1058.00,Nimbus Raise,Home & Kitchen,Nimbus,98.25,4.53000020980835,21,2652.75,27,795.825000000001,98.25
1059.00,Harbor Third,Beauty,Harbor,64.9499969482422,3.38000011444092,17,1428.89996337891,22,428.670010375977,64.9499975466261
1060.00,Zenith Structure,Home & Kitchen,Zenith,307.269989013672,4.84999990463257,24,8603.55969238281,28,2581.06790771484,307.269989013672
1061.00,Pulse Eight,Automotive,Pulse,297.230010986328,3.71000003814697,19,8322.44024658203,28,2496.73203125,297.230009915536
1062.00,Acme Paper,Sports,Acme,90.370002746582,2.67000007629395,23,3162.95000457764,35,948.884937286377,90.3700014197308
1063.00,GreenLeaf Happen,Groceries,GreenLeaf,27.1399993896484,3.05999994277954,27,1004.17997741699,37,301.253993225098,27.1399993896484
1064.00,Zenith Enter,Automotive,Zenith,260.640014648438,3.90000009536743,22,7297.92041015625,28,2189.37612304688,260.640014648438
1065.00,Zenith Way,Toys,Zenith,51.939998626709,4.44000005722046,24,1714.01998901367,33,514.206020736695,51.9399991035461
1066.00,Nimbus Time,Home & Kitchen,Nimbus,154.289993286133,3.60999989509583,17,3857.2498626709,25,1157.17498016357,154.289993884517
1067.00,GreenLeaf More,Sports,GreenLeaf,98.5299987792969,3.35999989509583,19,2857.36996459961,29,857.210989379883,98.5299987792969
1068.00,Zenith Decade,Groceries,Zenith,19.9699993133545,3.65000009536743,14,359.459989547729,18,107.837998199463,19.9699993587676
1069.00,Nimbus Cost,Electronics,Nimbus,250.789993286133,4.19000005722046,24,8276.06980895996,33,2482.82096405029,250.789993709988
1070.00,Harbor Which,Home & Kitchen,Harbor,152.240005493164,3.22000002861023,27,4719.44017028809,31,1415.83205108643,152.240005493164
1071.00,Willow Protect,Electronics,Willow,704.130004882813,3.30999994277954,17,16194.9898681641,23,4858.49678955078,704.130000095741
1072.00,Harbor Foreign,Automotive,Harbor,68.3300018310547,4.17000007629395,14,1434.93003845215,21,430.479011535645,68.3300018310547
1073.00,Everest Own,Beauty,Everest,31.1700000762939,2.55999994277954,18,810.42000579834,26,243.12600440979,31.1700001469365
1074.00,Solace Civil,Automotive,Solace,160.179992675781,2.96000003814697,16,3043.41989135742,19,913.025988769531,160.179993311564
1075.00,Harbor Describe,Books,Harbor,37.3300018310547,2.5699999332428,24,1381.21003723145,37,414.362989807129,37.3300014071994
1076.00,Pulse Take,Automotive,Pulse,139.059997558594,2.84999990463257,13,2364.01995849609,17,709.205987548828,139.059997558594
1077.00,Zenith Large,Clothing,Zenith,114.400001525879,2.88000011444092,23,4118.40007781982,36,1235.52003936768,114.400001857592
1078.00,Astra Likely,Automotive,Astra,687.510009765625,3.90000009536743,29,28187.9104003906,41,8456.37312011719,687.510009765625
1079.00,Orion Page,Home & Kitchen,Orion,249.070007324219,3.14000010490417,27,9962.80029296875,40,2988.84008789063,249.070007324219
1080.00,Acme Wrong,Clothing,Acme,18.3099994659424,4.63000011444092,29,787.329986572266,43,236.1990026474,18.3099995755601
1081.00,Astra Act,Electronics,Astra,985.349975585938,2.76999998092651,30,39413.9993896484,40,11824.2000732422,985.349979654948
1082.00,Orion Night,Groceries,Orion,1.77999997138977,3.11999988555908,24,58.7399995326996,33,17.6220001935959,1.77999997801251
1083.00,Astra College,Home & Kitchen,Astra,364.290008544922,3.6800000667572,24,11292.990234375,31,3387.8970489502,364.290008121067
1084.00,Zenith Black,Automotive,Zenith,111.610000610352,4.21999979019165,19,2901.86000061035,26,870.557989501953,111.610000342654
1085.00,Harbor Avoid,Groceries,Harbor,16.7099990844727,3.40000009536743,22,551.429981231689,33,165.429002380371,16.709999257868
1086.00,GreenLeaf Course,Groceries,GreenLeaf,14.4399995803833,3.80999994277954,26,490.959987640381,34,147.287997627258,14.4399996048365
1087.00,Solace Let,Clothing,Solace,220.520004272461,2.57999992370605,22,7277.16009521484,33,2183.147996521,220.520003609035
1088.00,Everest Church,Beauty,Everest,58.9500007629395,2.59999990463257,27,2475.90004730225,42,742.770024871826,58.9500009513196
1089.00,NeoTech Person,Books,NeoTech,19.1399993896484,3.03999996185303,15,382.799987792969,20,114.839996337891,19.1399993896484
1090.00,Solace Democratic,Toys,Solace,74.9300003051758,3.45000004768372,14,1423.67000579834,19,427.101001739502,74.9300003051758
1091.00,Solace Owner,Home & Kitchen,Solace,215.690002441406,4.30999994277954,14,4313.80004882813,20,1294.14001464844,215.690002441406
1092.00,Orion Enter,Clothing,Orion,20.7399997711182,3.07999992370605,31,912.559993743896,44,273.768000793457,20.7399998121364
1093.00,Harbor By,Groceries,Harbor,21.9099998474121,3.85999989509583,28,744.939998626709,34,223.482002258301,21.9099998928252
1094.00,Astra Type,Groceries,Astra,11.9499998092651,3.51999998092651,15,238.999995231628,20,71.6999979019165,11.9499997880724
1095.00,Willow Firm,Beauty,Willow,49.8699989318848,3.57999992370605,28,1994.79996871948,40,598.439998626709,49.869999068124
1096.00,Acme Idea,Sports,Acme,259.720001220703,3.34999990463257,27,9869.35992431641,38,2960.8078918457,259.719999713662
1097.00,Astra Son,Sports,Astra,223.080001831055,3.55999994277954,26,7807.80004882813,35,2342.34000396729,223.080001635429
1098.00,Willow Choose,Pet Supplies,Willow,15.2600002288818,4.46000003814697,24,503.580005645752,33,151.074000358582,15.2600002023909
1099.00,GreenLeaf List,Books,GreenLeaf,33.060001373291,4.48999977111816,16,628.140026092529,19,188.442007827759,33.060001373291
1100.00,Nimbus Investment,Sports,Nimbus,322.769989013672,3.79999995231628,22,10651.4097595215,33,3195.42301330566,322.769990863222
1101.00,Harbor Another,Beauty,Harbor,152.380004882813,3.26999998092651,20,3809.50012207031,25,1142.85003662109,152.380004882813
1102.00,GreenLeaf Computer,Toys,GreenLeaf,8.19999980926514,3.01999998092651,18,180.399995803833,22,54.1199987411499,8.19999980926514
1103.00,GreenLeaf Old,Books,GreenLeaf,117.919998168945,4.09000015258789,20,3419.67997741699,29,1025.9040145874,117.919998677572
1104.00,Orion Vote,Toys,Orion,85.6399993896484,4.40000009536743,25,3168.67999267578,37,950.604008483886,85.6399995930989
1105.00,Pulse A,Sports,Pulse,17.5699996948242,3.48000001907349,24,632.519989013672,36,189.755996704102,17.5699996948242
1106.00,Pulse Result,Electronics,Pulse,1071.82995605469,4.21999979019165,11,17149.2794189453,16,5144.78391113281,1071.82995975379
1107.00,Zenith Fly,Pet Supplies,Zenith,13.0299997329712,4.78000020980835,29,534.229990959167,41,160.268998622894,13.0299997548947
1108.00,Harbor Decade,Sports,Harbor,12.4200000762939,4.1399998664856,24,347.760000228882,28,104.327998733521,12.420000049803
1109.00,Acme So,Toys,Acme,33.0499992370605,2.98000001907349,22,892.349979400635,27,267.704993820191,33.0499992370605
1110.00,Zenith Again,Toys,Zenith,143.899993896484,4.40000009536743,22,4460.89990234375,31,1338.27003479004,143.899995283647
1111.00,Pulse Indeed,Beauty,Pulse,103.669998168945,3.59999990463257,23,3006.4299621582,29,901.928999328614,103.669998390087
1112.00,Willow Sing,Groceries,Willow,22.2600002288818,2.9300000667572,30,845.880004882813,38,253.763998794556,22.2600001864963
1113.00,Pulse Interesting,Electronics,Pulse,1663.11999511719,3.85999989509583,17,39914.8798828125,24,11974.4639648438,1663.11999511719
1114.00,Pulse Start,Home & Kitchen,Pulse,85.7900009155273,3.52999997138977,25,2916.86000823975,34,875.057986450195,85.7900006103516
1115.00,Nimbus Eat,Books,Nimbus,16.3500003814697,4.51999998092651,17,457.800006866455,28,137.339999389648,16.3500003066717
1116.00,Harbor Movie,Home & Kitchen,Harbor,305,3.30999994277954,25,10370,34,3111,305
1117.00,Astra Water,Automotive,Astra,894.799987792969,2.57999992370605,22,26843.9995117188,30,8053.19976806641,894.799985943419
1118.00,Willow Attorney,Sports,Willow,96.9599990844727,3.75,27,4072.31998443604,42,1221.69601135254,96.9599993670428
1119.00,Nimbus Minute,Beauty,Nimbus,74.0800018310547,3.61999988555908,26,2666.88006591797,36,800.064019775391,74.0800018310547
1120.00,Nimbus Lose,Toys,Nimbus,92.2399978637695,3.86999988555908,23,2859.43995666504,31,857.83200302124,92.2399981954823
1121.00,Orion Occur,Electronics,Orion,1003.65002441406,3.42000007629395,20,31113.1502685547,31,9333.94473876953,1003.65001627604
1122.00,Nimbus At,Beauty,Nimbus,13.8500003814697,2.55999994277954,23,429.350011825562,31,128.805003547668,13.8500003814697
1123.00,NeoTech May,Groceries,NeoTech,5.78999996185303,4.63000011444092,20,150.539999961853,26,45.1620006561279,5.7899999777476
1124.00,Solace We,Groceries,Solace,5.5,4.44000005722046,20,148.5,27,44.55,5.5
1125.00,Harbor Against,Electronics,Harbor,1181.64001464844,3.46000003814697,18,28359.3601074219,24,8507.80786132813,1181.64001012731
1126.00,NeoTech Style,Books,NeoTech,50.1500015258789,4.34000015258789,27,2006.00003051758,40,601.799987792969,50.1500011491187
1127.00,Everest Design,Clothing,Everest,150.710006713867,4.11999988555908,17,3617.04013061523,24,1085.11201782227,150.710006115483
1128.00,Willow Responsibility,Electronics,Willow,338.489990234375,2.78999996185303,19,8800.73974609375,26,2640.22192382813,338.489990234375
1129.00,Harbor Two,Home & Kitchen,Harbor,305.160003662109,3.24000000953674,10,4272.24002075195,14,1281.67198486328,305.160002644857
1130.00,Orion Writer,Beauty,Orion,98.5199966430664,4.80000019073486,19,2364.47992706299,24,709.343983459473,98.5199967769154
1131.00,NeoTech Better,Beauty,NeoTech,127.209999084473,3.98000001907349,9,1526.51999664307,12,457.956004333496,127.209999367043
1132.00,Willow Even,Automotive,Willow,694.640014648438,3.08999991416931,23,22923.1202392578,33,6876.93590087891,694.640011257596
1133.00,GreenLeaf High,Electronics,GreenLeaf,521,3.40000009536743,17,13025,25,3907.5,521
1134.00,NeoTech Son,Beauty,NeoTech,145.869995117188,4.34999990463257,22,3938.48986816406,27,1181.54696044922,145.869995117188
1135.00,NeoTech Team,Home & Kitchen,NeoTech,82.6800003051758,3.5699999332428,21,2315.03999328613,28,694.511987304688,82.6800000629728
1136.00,Nimbus Bank,Electronics,Nimbus,244.289993286133,3.5,16,5130.08987426758,21,1539.02697296143,244.289993604024
1137.00,NeoTech More,Home & Kitchen,NeoTech,170.529998779297,4.82000017166138,19,4945.36996459961,29,1483.61098937988,170.529998779297
1138.00,Orion Push,Pet Supplies,Orion,65.9499969482422,4.55999994277954,19,1582.7999420166,24,474.839993286133,65.9499972159402
1139.00,Willow Past,Home & Kitchen,Willow,264.040008544922,4.71000003814697,28,9241.40029907227,35,2772.42008972168,264.040008544922
1140.00,NeoTech Yourself,Sports,NeoTech,124.589996337891,4.59999990463257,18,3114.74990844727,25,934.42497253418,124.589996337891
1141.00,Zenith Begin,Electronics,Zenith,363.119995117188,2.72000002861023,20,10530.4798583984,29,3159.14395751953,363.119995117188
1142.00,Nimbus Last,Home & Kitchen,Nimbus,114.569999694824,4.32999992370605,23,3551.66998291016,31,1065.50098953247,114.569999584253
1143.00,Orion Number,Electronics,Orion,1338.53002929688,3.70000004768372,26,49525.6110839844,37,14857.6833251953,1338.53002929688
1144.00,GreenLeaf Know,Clothing,GreenLeaf,96.5100021362305,3.72000002861023,22,3184.83004760742,33,955.448998260498,96.5100017894398
1145.00,Zenith Media,Home & Kitchen,Zenith,178.309997558594,3.04999995231628,24,5527.60992431641,31,1658.28297729492,178.309997558594
1146.00,Harbor Return,Electronics,Harbor,697.070007324219,4.69000005722046,21,19517.9602050781,28,5855.38806152344,697.070007324219
1147.00,Orion Position,Home & Kitchen,Orion,62.75,4.82000017166138,20,1443.25,23,432.975,62.75
1148.00,Solace Hundred,Pet Supplies,Solace,51.7999992370605,4.40000009536743,22,1553.99996566772,30,466.199981689453,51.7999990636652
1149.00,Nimbus Military,Automotive,Nimbus,247.429992675781,3.53999996185303,25,9649.76971435547,39,2894.93091430664,247.429992675781
1150.00,Zenith Begin,Beauty,Zenith,98.7900009155273,2.96000003814697,18,2370.96000671387,24,711.287991333008,98.7900006329572
1151.00,Zenith Sit,Pet Supplies,Zenith,32.0699996948242,4.51999998092651,23,1090.37998962402,34,327.113996887207,32.0699996948242
1152.00,Pulse Drop,Clothing,Pulse,79.1800003051758,3.69000005722046,22,2296.2200088501,29,688.866002655029,79.1800003051758
1153.00,NeoTech Car,Home & Kitchen,NeoTech,19.5499992370605,4.17000007629395,18,430.099983215332,22,129.0299949646,19.5499992370605
1154.00,Acme Two,Beauty,Acme,22.6200008392334,3.96000003814697,24,791.700025558472,35,237.510004997253,22.6200007862515
1155.00,Solace School,Clothing,Solace,175.110000610352,4.05999994277954,21,5078.1900177002,29,1523.45700531006,175.110000610352
1156.00,Harbor Hear,Books,Harbor,96.5599975585938,3.86999988555908,31,4055.51989746094,42,1216.65596923828,96.5599975585938
1157.00,Orion Well,Groceries,Orion,20.2600002288818,4.21000003814697,19,567.280000686646,28,170.183996200562,20.2600001284951
1158.00,Nimbus When,Books,Nimbus,18.3799991607666,3.69000005722046,26,661.679973602295,36,198.503994750977,18.379999209673
1159.00,Acme Institution,Books,Acme,18.2600002288818,2.67000007629395,20,602.579999923706,33,180.773994636536,18.2600001017253
1160.00,Everest Compare,Sports,Everest,88.9700012207031,2.5,20,2580.13003540039,29,774.039010620117,88.9700012207031
1161.00,Willow Stuff,Beauty,Willow,12.6599998474121,3.63000011444092,21,354.479995727539,28,106.343998718262,12.6599998474121
1162.00,Zenith Price,Books,Zenith,99.2600021362305,4.80999994277954,22,3771.88003540039,38,1131.56397857666,99.2600014426491
1163.00,Everest Child,Home & Kitchen,Everest,103.970001220703,3.80999994277954,22,3534.98004150391,34,1060.49401245117,103.970001220703
1164.00,GreenLeaf Rule,Clothing,GreenLeaf,18.6499996185303,3.46000003814697,36,839.249984741211,45,251.774996757507,18.6499996361909
1165.00,Willow Never,Groceries,Willow,12.9700002670288,4.8899998664856,32,531.770009994507,41,159.53100233078,12.9700002570947
1166.00,Solace Peace,Sports,Solace,61.8600006103516,4.26000022888184,20,1484.64001464844,24,445.392004394531,61.8600006103516
1167.00,Everest Stock,Sports,Everest,294.720001220703,3.44000005722046,21,8546.87997436523,29,2564.06394958496,294.720000251891
1168.00,Solace Cell,Home & Kitchen,Solace,416.239990234375,2.98000001907349,19,13735.9196777344,33,4120.77590332031,416.239990234375
1169.00,Solace Education,Sports,Solace,180.899993896484,3.95000004768372,25,6150.59985351563,34,1845.1799987793,180.899994710286
1170.00,Acme Recently,Groceries,Acme,30.7600002288818,4.57999992370605,21,922.800001144409,30,276.839996337891,30.7600001380557
1171.00,Zenith Memory,Clothing,Zenith,208.75,3.46000003814697,23,5636.25,27,1690.875,208.75
1172.00,NeoTech Attack,Home & Kitchen,NeoTech,179.460006713867,3.63000011444092,28,8434.6202545166,47,2530.38603363037,179.460005987258
1173.00,Willow Reach,Electronics,Willow,815.469970703125,4.69999980926514,26,28541.4489746094,35,8562.43469238281,815.469970703125
1174.00,Zenith Wait,Sports,Zenith,30.8099994659424,3.4300000667572,23,924.299987792969,30,277.289999008179,30.8099995212278
1175.00,Orion Among,Toys,Orion,22.3999996185303,3.77999997138977,21,559.999990463257,25,167.999997138977,22.3999996185303
1176.00,Orion Increase,Electronics,Orion,610.47998046875,3.45000004768372,25,23198.2392578125,38,6959.47177734375,610.47998046875
1177.00,Harbor Ability,Sports,Harbor,107.379997253418,2.52999997138977,26,3543.53995513916,33,1063.06201858521,107.379997840294
1178.00,Solace Discuss,Sports,Solace,237.679992675781,2.98000001907349,23,7368.07977294922,31,2210.42393188477,237.679992675781
1179.00,Astra Player,Groceries,Astra,1.72000002861023,2.59999990463257,17,43,25,12.899999499321,1.72000001458561
1180.00,Astra Question,Groceries,Astra,21.7099990844727,3.83999991416931,18,499.329978942871,23,149.798993682861,21.7099990844727
1181.00,Pulse Throughout,Pet Supplies,Pulse,66.5999984741211,3.76999998092651,16,1798.19997406006,27,539.46000289917,66.5999987920125
1182.00,Pulse Road,Beauty,Pulse,129.699996948242,3.48000001907349,14,2334.59996032715,18,700.379998779297,129.699997311547
1183.00,Nimbus Word,Electronics,Nimbus,1835.31994628906,3.50999999046326,16,36706.3989257813,20,11011.9196777344,1835.31994628906
1184.00,Acme Fill,Toys,Acme,64.629997253418,4.23999977111816,25,2262.04992675781,35,678.614994049072,64.6299975585937
1185.00,Harbor Pick,Clothing,Harbor,21.7399997711182,3.27999997138977,15,456.53999710083,21,136.962000465393,21.7399998135037
1186.00,Solace Commercial,Groceries,Solace,26.7399997711182,2.63000011444092,18,641.759998321533,24,192.528002166748,26.7399998417607
1187.00,Zenith Turn,Groceries,Zenith,17.6499996185303,3.89000010490417,25,705.999994277954,40,211.800004959107,17.6499997456868
1188.00,Astra Study,Toys,Astra,61.060001373291,3.40000009536743,20,1709.68001556396,28,512.903988647461,61.0600009918213
1189.00,Acme Four,Groceries,Acme,9.97999954223633,2.74000000953674,25,419.159986495972,42,125.747999954224,9.97999961853027
1190.00,Orion Once,Home & Kitchen,Orion,157.509994506836,3,17,3780.23988342285,24,1134.07197570801,157.509994806028
1191.00,Pulse Direction,Toys,Pulse,43.6399993896484,4.55999994277954,25,1571.03997802734,36,471.311993408203,43.6399993896484
1192.00,Pulse Street,Home & Kitchen,Pulse,73.3099975585938,2.94000005722046,27,2492.53991699219,34,747.761975097656,73.3099975585938
1193.00,Zenith Team,Pet Supplies,Zenith,26.7600002288818,4.07999992370605,22,829.560005187988,31,248.868000221252,26.7600001999826
1194.00,Solace Part,Pet Supplies,Solace,15.6300001144409,3.4300000667572,22,515.790000915527,33,154.736998271942,15.6300000710921
1195.00,Astra Can,Groceries,Astra,16.8799991607666,3.00999999046326,27,624.55997467041,37,187.367996406555,16.8799992314091
1196.00,Orion Near,Home & Kitchen,Orion,283.470001220703,4.23999977111816,24,9637.98001098633,34,2891.39398193359,283.470000796848
1197.00,Harbor Allow,Electronics,Harbor,689.049987792969,3.25,14,11024.7998046875,16,3307.43994140625,689.049987792969
1198.00,Everest Memory,Pet Supplies,Everest,58.1100006103516,2.53999996185303,18,1685.1900177002,29,505.557005310059,58.1100006103516
1199.00,Willow Early,Toys,Willow,5.53000020980835,2.59999990463257,21,165.900005340576,30,49.7700009346008,5.53000019467066
1200.00,Nimbus Us,Toys,Nimbus,134.649993896484,3.88000011444092,23,4308.79989624023,32,1292.64003295898,134.649995223336
1201.00,Astra Cell,Beauty,Astra,37.7099990844727,4.19999980926514,28,1772.36995697021,47,531.710987091064,37.7099990844727
1202.00,Zenith Anyone,Pet Supplies,Zenith,63.6100006103516,4.09000015258789,21,2226.3500213623,35,667.905006408691,63.6100006103516
1203.00,Harbor Would,Home & Kitchen,Harbor,97.3600006103516,3.91000008583069,24,3212.88000488281,33,963.863990783691,97.3600003984239
1204.00,NeoTech Plant,Automotive,NeoTech,88.3399963378906,3.54999995231628,16,1766.79992675781,20,530.039978027344,88.3399963378906
1205.00,Orion Player,Home & Kitchen,Orion,393.929992675781,4.21999979019165,18,11817.9000854492,30,3545.37023925781,393.929998327185
1206.00,GreenLeaf Or,Automotive,GreenLeaf,531.530029296875,4.07999992370605,27,23918.8504638672,45,7175.65454101563,531.530018747589
1207.00,Zenith War,Beauty,Zenith,28.5200004577637,3.88000011444092,21,969.679996490479,34,290.903985595703,28.5200001550099
1208.00,Pulse All,Automotive,Pulse,600.890014648438,4.82999992370605,33,27640.9406738281,46,8292.28220214843,600.890014648438
1209.00,Willow Radio,Pet Supplies,Willow,8.23999977111816,3.26999998092651,23,247.199993133545,30,74.1599979400635,8.23999977111816
1210.00,GreenLeaf Realize,Books,GreenLeaf,66.9800033569336,3.33999991416931,20,1942.42008209229,29,582.726013946533,66.9800031026204
1211.00,Pulse Major,Home & Kitchen,Pulse,9.27999973297119,2.64000010490417,24,334.07999420166,36,100.224000930786,9.2799997859531
1212.00,Harbor Be,Clothing,Harbor,49.2099990844727,2.50999999046326,22,1427.0899887085,29,428.127007293701,49.2099993156664
1213.00,Nimbus Enough,Sports,Nimbus,12.4700002670288,4.80000019073486,21,386.570006370544,31,115.971000576019,12.4700002367534
1214.00,Nimbus Nice,Toys,Nimbus,55.1100006103516,2.61999988555908,16,1212.42001342773,22,363.72600402832,55.1100006103516
1215.00,GreenLeaf No,Pet Supplies,GreenLeaf,59.9300003051758,4.48000001907349,30,2337.27000427246,39,701.180995941162,59.9300002204047
1216.00,Solace Well,Groceries,Solace,7.42000007629395,3.4300000667572,16,163.240001678467,22,48.97200050354,7.42000007629395
1217.00,Everest Really,Beauty,Everest,96.5500030517578,3.88000011444092,22,3186.15005493164,33,955.844984436035,96.5500023581765
1218.00,NeoTech Food,Groceries,NeoTech,2.48000001907349,2.90000009536743,24,94.2400007247925,38,28.2720002174378,2.48000001907349
1219.00,Pulse Skin,Pet Supplies,Pulse,28.0400009155273,3.17000007629395,25,1065.52003479004,38,319.656010437012,28.0400009155273
1220.00,Willow Rich,Electronics,Willow,697.760009765625,4.78999996185303,26,27212.6403808594,39,8163.79211425781,697.760009765625
1221.00,NeoTech Job,Clothing,NeoTech,79.9300003051758,4.51000022888184,20,2397.89999389648,30,719.369987487793,79.9300000508626
1222.00,NeoTech Knowledge,Books,NeoTech,38.2099990844727,2.5699999332428,22,1146.29997253418,30,343.889991760254,38.2099990844727
1223.00,GreenLeaf Age,Books,GreenLeaf,46.8699989318848,4.17999982833862,21,1359.22998046875,29,407.769002151489,46.869999113537
1224.00,Harbor Last,Toys,Harbor,108.970001220703,3.61999988555908,22,3922.92004394531,36,1176.87601318359,108.970001220703
1225.00,Orion Begin,Automotive,Orion,36.5200004577637,2.86999988555908,31,1424.28001403809,39,427.284001541138,36.5200004167454
1226.00,Willow Surface,Home & Kitchen,Willow,188.550003051758,3.88000011444092,27,6976.3501739502,37,2092.90509490967,188.550003805278
1227.00,GreenLeaf System,Electronics,GreenLeaf,1260.68005371094,4.44000005722046,27,46645.1616210938,37,13993.5482299805,1260.68004918981
1228.00,Solace Color,Groceries,Solace,3.13000011444092,3.79999995231628,24,93.9000034332275,30,28.1700010299683,3.13000011444092
1229.00,Willow Experience,Electronics,Willow,1477.44995117188,4.21000003814697,21,41368.5988769531,28,12410.5798339844,1477.44995504712
1230.00,Orion Season,Toys,Orion,12.460000038147,2.69000005722046,29,535.780005455017,43,160.734004306793,12.4600000819941
1231.00,Solace All,Sports,Solace,168.029998779297,2.74000000953674,25,6049.07995605469,36,1814.72398681641,168.029998779297
1232.00,NeoTech Great,Pet Supplies,NeoTech,35.4099998474121,4.69999980926514,27,1487.22001647949,42,446.166020965576,35.4100001299823
1233.00,GreenLeaf Into,Toys,GreenLeaf,49.5900001525879,3.96000003814697,21,1487.70001602173,30,446.310012817383,49.5900003342401
1234.00,Nimbus Morning,Sports,Nimbus,488.589996337891,3.6800000667572,20,12214.7499694824,25,3664.42503356934,488.589997355143
1235.00,Everest Manage,Groceries,Everest,11.3999996185303,4.28000020980835,24,341.999990463257,30,102.599998474121,11.3999996450212
1236.00,NeoTech Huge,Home & Kitchen,NeoTech,204.779998779297,2.72000002861023,17,4709.94003295898,23,1412.9820526123,204.779999976065
1237.00,Solace Agree,Groceries,Solace,44.8300018310547,2.6800000667572,27,1748.37007141113,39,524.51102142334,44.8300018310547
1238.00,Pulse Positive,Clothing,Pulse,166.039993286133,3.78999996185303,19,4483.07984924316,27,1344.92397613525,166.039993821529
1239.00,Zenith Environmental,Groceries,Zenith,15.789999961853,3.78999996185303,35,789.49999332428,50,236.849994659424,15.78999991644
1240.00,Nimbus Many,Home & Kitchen,Nimbus,470.890014648438,4.32999992370605,22,16010.2604980469,34,4803.07814941406,470.890014648438
1241.00,Harbor Foot,Sports,Harbor,14.8100004196167,3,23,547.970011711121,37,164.391000843048,14.8100003643312
1242.00,Astra Collection,Clothing,Astra,99.4700012207031,3.83999991416931,14,2088.87002563477,21,626.66100769043,99.4700012207031
1243.00,GreenLeaf Design,Sports,GreenLeaf,148.869995117188,2.72000002861023,25,5805.92980957031,39,1741.77894287109,148.869995117188
1244.00,Zenith Reduce,Books,Zenith,25.5699996948242,4.53000020980835,34,1278.49998474121,50,383.549995422363,25.5699996948242
1245.00,Harbor Accept,Beauty,Harbor,71.4100036621094,3.96000003814697,30,2784.99011230469,39,835.497012329101,71.4100033230252
1246.00,Zenith Husband,Toys,Zenith,31.9799995422363,4.6399998664856,21,863.459991455078,27,259.038000106812,31.9799996027871
1247.00,Nimbus When,Clothing,Nimbus,67.5400009155273,3.57999992370605,17,1756.04000854492,26,526.811991882324,67.5400006163354
1248.00,GreenLeaf Happen,Electronics,GreenLeaf,1233.14001464844,2.85999989509583,24,39460.4803466797,32,11838.1440185547,1233.14001295302
1249.00,GreenLeaf Even,Books,GreenLeaf,48.7200012207031,3.41000008583069,23,1412.88003540039,29,423.864010620117,48.7200012207031
1250.00,Harbor Thought,Toys,Harbor,14.5900001525879,4.51000022888184,29,554.42000579834,38,166.326001739502,14.5900001525879
1251.00,NeoTech Truth,Home & Kitchen,NeoTech,270.850006103516,3.67000007629395,29,10834.0001525879,40,3250.19998168945,270.850005051185
1252.00,GreenLeaf Reveal,Pet Supplies,GreenLeaf,76.9100036621094,3.00999999046326,19,1922.75006103516,25,576.824996948242,76.9100031267133
1253.00,Zenith Red,Books,Zenith,42.4500007629395,4.30000019073486,23,1443.30001068115,34,432.989992523193,42.4500005417976
1254.00,Nimbus Job,Toys,Nimbus,71.5899963378906,3.67000007629395,19,1932.92993164063,27,579.879000854492,71.5899968732867
1255.00,Harbor Discuss,Groceries,Harbor,37.5900001525879,2.9300000667572,20,1052.51999282837,28,315.755989837646,37.589999961853
1256.00,Astra Who,Books,Astra,46.5699996948242,2.9300000667572,20,1257.39000701904,27,377.217012786865,46.5699999491374
1257.00,Nimbus Small,Automotive,Nimbus,854.799987792969,3.66000008583069,31,39320.7991943359,46,11796.2395874023,854.799985167801
1258.00,Nimbus Our,Pet Supplies,Nimbus,97.4199981689453,2.51999998092651,30,4773.58003234863,49,1432.07409515381,97.4199995252821
1259.00,Solace How,Electronics,Solace,490.480010986328,4.23999977111816,20,11281.0402526855,23,3384.31207580567,490.480010986328
1260.00,Willow Add,Automotive,Willow,337.059997558594,4.76999998092651,26,11797.0999145508,35,3539.12997436523,337.059997558594
1261.00,Willow World,Electronics,Willow,1411.81005859375,2.63000011444092,18,29648.0112304688,21,8894.40336914062,1411.81005859375
1262.00,NeoTech Reveal,Automotive,NeoTech,229.679992675781,2.97000002861023,18,4823.27984619141,21,1446.98395385742,229.679992675781
1263.00,Acme President,Toys,Acme,80.870002746582,4.69999980926514,18,1860.01005554199,23,558.003011322022,80.8700026052969
1264.00,Orion Western,Home & Kitchen,Orion,97.5699996948242,2.83999991416931,24,2927.09997558594,30,878.129981994629,97.5699994828966
1265.00,Harbor May,Clothing,Harbor,59.9599990844727,3.91000008583069,28,2218.51998138428,37,665.556005096436,59.9599992661249
1266.00,NeoTech Participant,Home & Kitchen,NeoTech,45.3199996948242,3.77999997138977,29,1722.15999603271,38,516.648004150391,45.3199997825184
1267.00,Nimbus Guess,Sports,Nimbus,112.279998779297,3.30999994277954,18,2582.43997192383,23,774.731991577149,112.279998779297
1268.00,NeoTech Clearly,Toys,NeoTech,50.1699981689453,3.73000001907349,23,1454.92994689941,29,436.478984069824,50.1699981689453
1269.00,Nimbus Start,Toys,Nimbus,40.0299987792969,3.07999992370605,26,1481.10995483398,37,444.332986450196,40.0299987792969
1270.00,Everest Raise,Pet Supplies,Everest,133.779998779297,3.47000002861023,16,2943.15997314453,22,882.94799194336,133.779998779297
1271.00,Solace High,Books,Solace,83.5999984741211,3.22000002861023,23,2340.79997253418,28,702.240002441406,83.599998695263
1272.00,Willow Wall,Beauty,Willow,123.680000305176,3.45000004768372,17,3092.00002288818,25,927.600017547607,123.680000604368
1273.00,NeoTech Heart,Books,NeoTech,9.73999977111816,3.09999990463257,20,233.759994506836,24,70.1279983520508,9.73999977111816
1274.00,Nimbus Court,Beauty,Nimbus,83.9800033569336,4.17000007629395,23,3191.2400894165,38,957.37200012207,83.9800028040789
1275.00,Nimbus Bad,Toys,Nimbus,77.3399963378906,2.55999994277954,27,2706.89988708496,35,812.069976806641,77.3399965262707
1276.00,Harbor Forget,Clothing,Harbor,39.3199996948242,3.34999990463257,23,1258.23999023438,32,377.471997070312,39.3199996948242
1277.00,NeoTech Toward,Sports,NeoTech,422.630004882813,2.80999994277954,21,13524.16015625,32,4057.248046875,422.630004882813
1278.00,Willow Community,Electronics,Willow,1194.93994140625,4.65000009536743,25,47797.5981445313,40,14339.2797851563,1194.93994791667
1279.00,GreenLeaf Size,Toys,GreenLeaf,64.2699966430664,3.27999997138977,25,2313.71989440918,36,694.115979003906,64.2699968465169
1280.00,Orion Why,Beauty,Orion,98.9199981689453,2.82999992370605,18,2275.15997314453,23,682.548002624512,98.9199984515155
1281.00,Solace Loss,Pet Supplies,Solace,43.9799995422363,4.69000005722046,15,923.57999420166,21,277.074000930786,43.9799996270074
1282.00,Solace Movie,Beauty,Solace,62.2799987792969,4.78999996185303,15,1121.03997802734,18,336.311993408203,62.2799987792969
1283.00,Orion Hit,Clothing,Orion,187.330001831055,3.03999996185303,28,6743.88006591797,36,2023.16401977539,187.330001831055
1284.00,Pulse Can,Beauty,Pulse,153.710006713867,3.80999994277954,19,3996.46015930176,26,1198.93803710938,153.710006446169
1285.00,Zenith Wrong,Beauty,Zenith,29.8999996185303,3.1800000667572,23,867.099987030029,29,260.129994773865,29.8999995908875
1286.00,NeoTech Clear,Pet Supplies,NeoTech,63.3800010681152,4.55000019073486,23,2154.92002105713,34,646.475995635986,63.3800008469734
1287.00,Harbor Forward,Clothing,Harbor,126.290000915527,3.70000004768372,21,3409.83002471924,27,1022.94900741577,126.290000915527
1288.00,Pulse Politics,Books,Pulse,40.5999984741211,4.75,13,690.199974060059,17,207.059992218018,40.5999984741211
1289.00,Zenith About,Pet Supplies,Zenith,66.7399978637695,4.38000011444092,16,1668.49996948242,25,500.550006866455,66.7399983406067
1290.00,Solace And,Clothing,Solace,108.569999694824,4.07000017166138,24,3474.23996734619,32,1042.27197418213,108.569999376933
1291.00,Zenith Sign,Beauty,Zenith,56.1800003051758,3.54999995231628,26,1966.29998016357,35,589.889972686768,56.1799999139248
1292.00,Astra Measure,Automotive,Astra,763.650024414063,2.76999998092651,26,31309.6505126953,41,9392.89481201171,763.650018385899
1293.00,Zenith Without,Toys,Zenith,9.52999973297119,3.29999995231628,27,381.199989318848,40,114.359996795654,9.52999973297119
1294.00,Solace But,Toys,Solace,45.6599998474121,4.28000020980835,28,1598.09998703003,35,479.429990768433,45.659999756586
1295.00,Acme Answer,Clothing,Acme,80.6600036621094,4.67999982833862,21,2581.12008666992,32,774.336004638672,80.6600031777034
1296.00,Harbor Pick,Toys,Harbor,14.6999998092651,3.57999992370605,23,455.699990272522,31,136.709994411468,14.6999997539797
1297.00,Nimbus Property,Toys,Nimbus,92.8899993896484,4.07000017166138,16,2136.47001647949,23,640.941026306153,92.8900000254313
1298.00,Astra Moment,Toys,Astra,92.9100036621094,4.86999988555908,26,3251.85012817383,35,975.555038452148,92.9100036621094
1299.00,Everest College,Toys,Everest,84.370002746582,4.84999990463257,23,2277.99007415771,27,683.397022247315,84.370002746582
1300.00,Harbor Mrs,Toys,Harbor,60.6300010681152,4.23000001907349,14,1394.49001312256,23,418.346995925903,60.6300007956369
1301.00,Astra Without,Clothing,Astra,114.51000213623,2.86999988555908,20,3549.81005096436,31,1064.94300460815,114.510001881917
1302.00,Astra Establish,Sports,Astra,13.289999961853,4.6399998664856,14,265.799998283386,20,79.7399988174438,13.2899999391465
1303.00,GreenLeaf Be,Clothing,GreenLeaf,54.3600006103516,4.34000015258789,17,1576.4400177002,29,472.932005310059,54.3600006103516
1304.00,Solace Miss,Automotive,Solace,375.910003662109,4.32000017166138,24,12029.1200256348,32,3608.73594360352,375.910002390544
1305.00,Nimbus Drug,Automotive,Nimbus,864.190002441406,2.69000005722046,23,28518.2702026367,33,8555.48114624024,864.190004210541
1306.00,Orion Identify,Books,Orion,31.2800006866455,3.8199999332428,23,907.120014190674,29,272.13600025177,31.2800006037173
1307.00,Zenith Choice,Home & Kitchen,Zenith,373.899993896484,4.11999988555908,21,10843.0997924805,29,3252.92991638184,373.899993412078
1308.00,Willow Turn,Sports,Willow,38.1399993896484,4.46999979019165,25,1334.8999786377,35,400.469993591308,38.1399993896484
1309.00,Solace Most,Toys,Solace,52.9300003051758,4.32000017166138,29,1852.55000305176,35,555.764995574951,52.9300002174816
1310.00,Solace Throw,Home & Kitchen,Solace,195.300003051758,3.52999997138977,21,6444.90014648438,33,1933.47007598877,195.300003778367
1311.00,Zenith Argue,Toys,Zenith,46.8899993896484,3.49000000953674,26,1781.81997680664,38,534.545993041992,46.8899993896484
1312.00,Harbor Group,Sports,Harbor,208.600006103516,3.97000002861023,11,2711.8000793457,13,813.540023803711,208.600006103516
1313.00,Harbor Different,Pet Supplies,Harbor,28.3799991607666,4.28999996185303,17,737.879983901978,26,221.363999176025,28.3799992729636
1314.00,Orion Response,Beauty,Orion,81.4899978637695,3.94000005722046,22,2118.7399520874,26,635.621990966797,81.4899979793664
1315.00,Everest Well,Books,Everest,16.4500007629395,3.39000010490417,28,674.450023651123,41,202.335001754761,16.4500006721133
1316.00,Nimbus Run,Electronics,Nimbus,1077.43005371094,3.78999996185303,17,31245.4709472656,29,9373.64085693359,1077.43004174326
1317.00,Everest System,Home & Kitchen,Everest,13.7200002670288,2.74000000953674,21,425.320004463196,31,127.595998668671,13.7200002064781
1318.00,Orion Skill,Beauty,Orion,66.9700012207031,4.65999984741211,20,2076.0700378418,31,622.821011352539,66.9700012207031
1319.00,Solace Change,Toys,Solace,65.5999984741211,2.88000011444092,18,1508.79998016357,23,452.640004730225,65.5999987566913
1320.00,Pulse Five,Electronics,Pulse,828.090026855469,3.40000009536743,12,15733.7104492188,19,4720.11309204102,828.090025160048
1321.00,Willow Data,Sports,Willow,27.2399997711182,3.3199999332428,23,844.439994812012,31,253.331999778748,27.2399997987609
1322.00,GreenLeaf Mr,Beauty,GreenLeaf,56.8699989318848,3.19000005722046,29,1876.70996856689,33,563.012993240357,56.8699989757319
1323.00,GreenLeaf Analysis,Books,GreenLeaf,50.4199981689453,3.40000009536743,17,957.979965209961,19,287.393989562988,50.4199981689453
1324.00,GreenLeaf Approach,Groceries,GreenLeaf,23.3199996948242,2.69000005722046,17,606.31999206543,26,181.895997619629,23.3199996948242
1325.00,Willow Fill,Groceries,Willow,13.3400001525879,2.88000011444092,16,346.840003967285,26,104.052001190186,13.3400001525879
1326.00,GreenLeaf Interview,Clothing,GreenLeaf,61.3899993896484,4,27,2578.37997436523,42,773.51399230957,61.3899993896484
1327.00,Acme Process,Groceries,Acme,3.60999989509583,4.59000015258789,17,86.6399981975555,24,25.9919999599457,3.60999990912045
1328.00,NeoTech Act,Toys,NeoTech,31.0400009155273,2.5699999332428,24,962.240028381348,31,288.672008514404,31.0400009155273
1329.00,Willow Mean,Sports,Willow,168.630004882813,3.54999995231628,31,6745.2001953125,40,2023.56005859375,168.630004882813
1330.00,NeoTech Hair,Pet Supplies,NeoTech,65.370002746582,4.42000007629395,26,2157.21007537842,33,647.163011932373,65.3700025509565
1331.00,Harbor Professor,Groceries,Harbor,34.5900001525879,3.4300000667572,16,657.21000289917,19,197.163000869751,34.5900001525879
1332.00,Orion Moment,Books,Orion,27.0799999237061,3.17000007629395,19,676.999994277954,25,203.099995613098,27.0799998567815
1333.00,Nimbus Black,Books,Nimbus,25.7700004577637,3.55999994277954,21,721.560005187988,28,216.46799621582,25.7700003366622
1334.00,Solace Personal,Beauty,Solace,156.309997558594,3.49000000953674,29,7346.56988525391,47,2203.97096557617,156.309997558594
1335.00,Solace Including,Home & Kitchen,Solace,386.329986572266,4.21000003814697,13,6953.93978881836,18,2086.18195800781,386.329987354768
1336.00,Solace Section,Home & Kitchen,Solace,260.899993896484,2.75999999046326,22,8609.69989013672,33,2582.91003112793,260.899995283647
1337.00,NeoTech Occur,Toys,NeoTech,84.4800033569336,4.17999982833862,20,2196.48007965088,26,658.944018554688,84.480003229777
1338.00,Astra Key,Beauty,Astra,54.8600006103516,4.05999994277954,25,1700.6600189209,31,510.19800567627,54.8600006103516
1339.00,Orion Break,Automotive,Orion,535.690002441406,2.63000011444092,18,12856.5599975586,24,3856.96795654297,535.690001311126
1340.00,GreenLeaf Likely,Pet Supplies,GreenLeaf,70.6999969482422,4.53999996185303,22,2191.6999206543,31,657.509986877441,70.699997179436
1341.00,Harbor Visit,Automotive,Harbor,741.919982910156,3.20000004768372,22,24483.3596191406,33,7345.00801391601,741.919985684482
1342.00,Orion Young,Beauty,Orion,34.689998626709,4.40000009536743,15,659.109977722168,19,197.732995986938,34.68999871148
1343.00,GreenLeaf Just,Home & Kitchen,GreenLeaf,326.010009765625,4.6399998664856,28,13040.400390625,40,3912.1201171875,326.010009765625
1344.00,Orion Second,Pet Supplies,Orion,103.470001220703,2.72000002861023,28,4345.74005126953,42,1303.72201538086,103.470001220703
1345.00,Nimbus List,Pet Supplies,Nimbus,114.319999694824,4.21999979019165,25,4115.51995849609,36,1234.65596618652,114.319999287923
1346.00,Everest Also,Electronics,Everest,921,3.15000009536743,16,21183,23,6354.9,921
1347.00,Astra Family,Clothing,Astra,94.9499969482422,3.24000000953674,18,2278.7999420166,24,683.639993286133,94.9499972308124
1348.00,Astra Early,Books,Astra,54.0099983215332,3.57999992370605,32,2430.44993591309,45,729.13498878479,54.0099984407425
1349.00,Acme Popular,Beauty,Acme,84.9800033569336,2.99000000953674,26,3059.28009796143,36,917.7840133667,84.9800030634953
1350.00,Harbor Production,Clothing,Harbor,75.1600036621094,3.54999995231628,21,2405.12005615234,32,721.535974121094,75.1600026932974
1351.00,GreenLeaf Billion,Pet Supplies,GreenLeaf,40.7200012207031,3.40000009536743,25,1465.92004394531,36,439.776013183594,40.7200012207031
1352.00,Astra Tend,Beauty,Astra,68.3899993896484,3.92000007629395,21,2256.8699798584,33,677.06099395752,68.3899993896484
1353.00,Orion Wrong,Automotive,Orion,631.359985351563,3.14000010490417,29,23991.6794433594,38,7197.50383300781,631.359985351563
1354.00,Harbor Development,Toys,Harbor,96.629997253418,2.9300000667572,35,5218.02001190186,54,1565.40611572266,96.6299987792969
1355.00,Harbor Where,Toys,Harbor,62.7400016784668,4.76000022888184,21,2070.42005157471,33,621.126012802124,62.740001617916
1356.00,Zenith Center,Toys,Zenith,48.1500015258789,2.51999998092651,25,1685.25003051758,35,505.574993133545,48.1500012207031
1357.00,Nimbus Task,Groceries,Nimbus,19.9899997711182,3.20000004768372,20,519.739995956421,26,155.92200012207,19.9899998029073
1358.00,Orion Film,Books,Orion,54.4799995422363,2.83999991416931,26,1797.83999252319,33,539.352003097534,54.4799996400491
1359.00,Orion Strategy,Beauty,Orion,100.059997558594,3.63000011444092,29,3802.27990722656,38,1140.68397216797,100.059997558594
1360.00,GreenLeaf Say,Pet Supplies,GreenLeaf,43.4000015258789,3.58999991416931,19,1171.80003356934,27,351.540004730225,43.4000013920299
1361.00,Acme Sense,Beauty,Acme,33.1100006103516,4.48000001907349,22,860.860015869141,26,258.258004760742,33.1100006103516
1362.00,Orion Ten,Beauty,Orion,82.6900024414063,3.11999988555908,28,3224.91009521484,39,967.473028564454,82.6900024414063
1363.00,GreenLeaf Last,Pet Supplies,GreenLeaf,13.6000003814697,4.67999982833862,23,421.600006103516,31,126.479997825623,13.6000002985415
1364.00,Acme Modern,Books,Acme,27.6499996185303,4.21999979019165,26,940.099987030029,34,282.029996109009,27.6499996185303
1365.00,Willow Store,Beauty,Willow,46.5,3.94000005722046,19,1116,24,334.8,46.5
1366.00,Pulse Interesting,Clothing,Pulse,95.8099975585938,4.13000011444092,19,2395.24993896484,25,718.574981689453,95.8099975585938
1367.00,Orion Theory,Sports,Orion,283.470001220703,3.44000005722046,27,10488.3899841309,37,3146.51695251465,283.470000467183
1368.00,Pulse Gas,Books,Pulse,20.0599994659424,2.83999991416931,17,521.559991836548,26,156.468001556396,20.0599995781394
1369.00,Harbor Movement,Automotive,Harbor,213.25,3.69000005722046,18,6610.75,31,1983.225,213.25
1370.00,Harbor Beat,Clothing,Harbor,38.9199981689453,3.94000005722046,26,1517.87995147705,39,455.364001464844,38.9199984623836
1371.00,Acme Student,Sports,Acme,173.25,4.44000005722046,16,4504.5,26,1351.35,173.25
1372.00,Everest Summer,Beauty,Everest,82.3899993896484,4,18,2142.13998413086,26,642.641995239258,82.3899993896484
1373.00,Solace Make,Electronics,Solace,815.010009765625,2.55999994277954,19,19560.240234375,24,5868.0720703125,815.010009765625
1374.00,Orion Particularly,Clothing,Orion,92.2799987792969,4.34999990463257,20,2399.27996826172,26,719.783990478516,92.2799987792969
1375.00,Astra Owner,Electronics,Astra,1993.94995117188,2.51999998092651,21,45860.8488769531,23,13758.2546630859,1993.94995117188
1376.00,Harbor Few,Pet Supplies,Harbor,63.9599990844727,3.96000003814697,20,1598.99997711182,25,479.699993133545,63.9599990844727
1377.00,Harbor Month,Groceries,Harbor,22.1100006103516,4.59000015258789,19,574.860015869141,26,172.458004760742,22.1100006103516
1378.00,NeoTech Particular,Home & Kitchen,NeoTech,122.599998474121,4.6100001335144,23,4290.99991607666,35,1287.29995346069,122.599998031837
1379.00,Willow Pressure,Home & Kitchen,Willow,61.8600006103516,4.03999996185303,28,2536.26002502441,41,760.878007507325,61.8600006103516
1380.00,Harbor Free,Clothing,Harbor,113.220001220703,3.07999992370605,18,2943.72003173828,26,883.116009521485,113.220001220703
1381.00,Solace Evening,Books,Solace,43.1300010681152,4.51000022888184,26,1552.68003463745,36,465.804007720947,43.1300010192089
1382.00,Astra Guy,Automotive,Astra,93.2099990844727,3.4300000667572,14,2050.61999511719,22,615.186009216309,93.2099994477772
1383.00,Everest Professional,Groceries,Everest,19.1700000762939,2.69000005722046,19,479.249998092651,25,143.774996757507,19.1700000093694
1384.00,Pulse Few,Clothing,Pulse,15.0299997329712,4.76999998092651,20,526.049995422363,35,157.815001964569,15.0299998124441
1385.00,Willow We,Automotive,Willow,710.570007324219,4.01999998092651,21,18474.8201293945,26,5542.44599609375,710.570006355407
1386.00,NeoTech Nature,Clothing,NeoTech,181.880004882813,2.89000010490417,22,5638.28015136719,31,1691.48404541016,181.880004882813
1387.00,Harbor Success,Sports,Harbor,20.1399993896484,4.44999980926514,32,886.159973144531,44,265.847991943359,20.1399993896484
1388.00,Harbor Look,Home & Kitchen,Harbor,164.350006103516,4.44000005722046,11,2300.90008544922,14,690.270025634766,164.350006103516
1389.00,GreenLeaf Sea,Groceries,GreenLeaf,20.8400001525879,4.23000001907349,24,646.040004730225,31,193.812001419067,20.8400001525879
1390.00,Willow Position,Automotive,Willow,293.829986572266,3.78999996185303,25,11753.1995849609,40,3525.9599609375,293.82998819987
1391.00,Astra Special,Toys,Astra,65.4599990844727,4.07000017166138,18,1505.57997894287,23,451.673993682861,65.4599990844727
1392.00,NeoTech Civil,Toys,NeoTech,29.3400001525879,3.63000011444092,31,1290.95999145508,44,387.287986755371,29.3399999885149
1393.00,Willow Several,Automotive,Willow,314.950012207031,3.09999990463257,18,7873.75018310547,25,2362.12496948242,314.95000994647
1394.00,GreenLeaf Give,Sports,GreenLeaf,171.059997558594,2.57999992370605,22,5302.85992431641,31,1590.85797729492,171.059997558594
1395.00,Everest Dog,Home & Kitchen,Everest,269.980010986328,4.17000007629395,21,8369.38027954102,31,2510.8140411377,269.980010017516
1396.00,Nimbus Top,Groceries,Nimbus,21.2999992370605,3.84999990463257,18,575.099987030029,27,172.530001449585,21.2999993783456
1397.00,Zenith Town,Electronics,Zenith,513.630004882813,2.94000005722046,22,14895.2701416016,29,4468.58104248047,513.630004882813
1398.00,Zenith Believe,Automotive,Zenith,157.949996948242,3.6800000667572,28,5054.39991760254,32,1516.31998596191,157.949997129894
1399.00,Nimbus Foreign,Books,Nimbus,40.7000007629395,4.61999988555908,19,1098.90001296997,27,329.669998550415,40.7000006290904
1400.00,Orion Bag,Beauty,Orion,86.4100036621094,4.21999979019165,19,2333.07009887695,27,699.921029663086,86.4100036621094
1401.00,Astra Reveal,Books,Astra,49.6199989318848,2.69000005722046,29,1736.69996643066,35,521.009992599487,49.6199989757319
1402.00,Astra This,Beauty,Astra,121.550003051758,3.58999991416931,19,2674.10006713867,22,802.230020141601,121.550003051758
1403.00,Willow At,Sports,Willow,343.390014648438,2.90000009536743,24,13392.2105712891,39,4017.66317138672,343.390014648438
1404.00,Pulse Certainly,Toys,Pulse,95.0800018310547,4.73999977111816,20,2377.00001525879,25,713.099983215332,95.0800013224284
1405.00,Solace Strong,Toys,Solace,79.25,2.64000010490417,16,1743.5,22,523.05,79.25
1406.00,Acme Far,Books,Acme,10.4499998092651,2.74000000953674,24,355.299997329712,34,106.590001869202,10.449999862247
1407.00,Nimbus Line,Home & Kitchen,Nimbus,218.949996948242,2.86999988555908,21,6568.49989318848,30,1970.54995727539,218.949996706039
1408.00,Astra Option,Home & Kitchen,Astra,183.589996337891,3.36999988555908,16,3304.61993408203,18,991.38598022461,183.589996337891
1409.00,Willow Open,Books,Willow,44.7099990844727,4.53999996185303,15,849.489990234375,19,254.847002410889,44.7099992540148
1410.00,NeoTech List,Sports,NeoTech,70.6800003051758,3.66000008583069,19,1767,25,530.099994659424,70.6800001713268
1411.00,Astra Support,Clothing,Astra,52.8899993896484,3.57999992370605,20,1322.24998474121,25,396.674995422363,52.8899993896484
1412.00,Everest Exactly,Home & Kitchen,Everest,318.640014648438,3.08999991416931,17,8921.92022705078,28,2676.57593994141,318.640011058134
1413.00,Zenith Part,Pet Supplies,Zenith,55.7599983215332,3.55999994277954,18,1449.75996398926,26,434.927994537354,55.7599984628183
1414.00,Astra Here,Beauty,Astra,223.690002441406,2.80999994277954,14,3802.73004150391,17,1140.81901245117,223.690002441406
1415.00,GreenLeaf Network,Toys,GreenLeaf,29.2999992370605,3.71000003814697,18,703.199989318848,24,210.960002136231,29.2999993783456
1416.00,Harbor Improve,Groceries,Harbor,26.3099994659424,4,10,315.719993591309,12,94.7159980773926,26.3099994659424
1417.00,GreenLeaf Less,Automotive,GreenLeaf,373.480010986328,4.59000015258789,13,5975.68017578125,16,1792.70405273438,373.480010986328
1418.00,Zenith Certainly,Books,Zenith,3.45000004768372,2.92000007629395,26,131.100002288818,38,39.3300010204315,3.45000005379701
1419.00,GreenLeaf Process,Automotive,GreenLeaf,990.679992675781,3.85999989509583,15,17832.2398681641,18,5349.67196044922,990.679992675781
1420.00,NeoTech Democrat,Clothing,NeoTech,114.660003662109,2.60999989509583,29,3898.44012451172,34,1169.53203735352,114.660003662109
1421.00,Astra Mean,Electronics,Astra,371.459991455078,4.40999984741211,21,11515.2598266602,31,3454.57801208496,371.459992908296
1422.00,Solace News,Automotive,Solace,660.719970703125,3.23000001907349,23,19160.8793945313,29,5748.26398925781,660.719974241395
1423.00,Astra Avoid,Beauty,Astra,56.1100006103516,4.26000022888184,20,1514.97001647949,27,454.491004943848,56.1100006103516
1424.00,GreenLeaf Bill,Clothing,GreenLeaf,85.2900009155273,4.71999979019165,26,2729.28002166748,32,818.784001159668,85.2900008177146
1425.00,Everest Few,Groceries,Everest,11.4399995803833,2.90000009536743,22,343.199990272522,30,102.959999084473,11.4399996237321
1426.00,Nimbus Attorney,Home & Kitchen,Nimbus,187.75,2.99000000953674,22,4881.5,26,1464.45,187.75
1427.00,Acme Rich,Sports,Acme,238.360000610352,3.03999996185303,24,9534.4001159668,40,2860.32009887695,238.360001881917
1428.00,Harbor Somebody,Pet Supplies,Harbor,43.5699996948242,3.92000007629395,17,1307.1000289917,30,392.130035400391,43.5700004428041
1429.00,Acme Blood,Groceries,Acme,17.5,3.03999996185303,20,455,26,136.5,17.5
1430.00,Astra Benefit,Clothing,Astra,41.439998626709,3.28999996185303,26,1367.51996231079,33,410.255994033813,41.4399987245217
1431.00,Pulse Guy,Sports,Pulse,243.429992675781,3.65000009536743,18,6085.74981689453,25,1825.72494506836,243.429992675781
1432.00,Nimbus Camera,Automotive,Nimbus,344.619995117188,3.97000002861023,15,7581.63989257813,22,2274.49196777344,344.619995117188
1433.00,NeoTech My,Automotive,NeoTech,155.199996948242,2.75999999046326,21,4811.19995117188,31,1443.36001739502,155.199997674851
1434.00,Harbor Together,Automotive,Harbor,669.840026855469,3.6800000667572,14,12726.9604492188,19,3818.08809204102,669.840025402251
1435.00,Harbor Eye,Books,Harbor,36.9199981689453,4.57999992370605,20,996.839958190918,27,299.051992797852,36.9199982961019
1436.00,Zenith Argue,Toys,Zenith,63.8800010681152,3.92000007629395,18,1916.40001678467,30,574.919994354248,63.8800007855451
1437.00,Solace Hundred,Pet Supplies,Solace,47.3499984741211,2.95000004768372,21,1420.49997711182,30,426.150009155273,47.3499988374256
1438.00,Zenith Word,Home & Kitchen,Zenith,417.75,2.58999991416931,20,9608.25,23,2882.475,417.75
1439.00,Pulse Would,Electronics,Pulse,1221.58996582031,3.50999999046326,14,24431.7995605469,20,7329.5400390625,1221.58997163318
1440.00,NeoTech Despite,Sports,NeoTech,55.1100006103516,4.36999988555908,29,2039.07002258301,37,611.721006774902,55.1100006103516
1441.00,Zenith Garden,Books,Zenith,54.2200012207031,4.5,24,1680.8200378418,31,504.246011352539,54.2200012207031
1442.00,Harbor Statement,Groceries,Harbor,6.07000017166138,3.94000005722046,19,151.750002861023,25,45.5249998569489,6.07000014656468
1443.00,Pulse Scene,Books,Pulse,28.4300003051758,4.42000007629395,22,966.620010375977,34,289.986003112793,28.4300003051758
1444.00,Harbor Almost,Pet Supplies,Harbor,39.5999984741211,2.82999992370605,23,1187.99995422363,30,356.39998626709,39.5999984741211
1445.00,GreenLeaf Project,Beauty,GreenLeaf,118.110000610352,4.71999979019165,13,1771.65000915527,15,531.495002746582,118.110000610352
1446.00,Harbor Mother,Toys,Harbor,40.7999992370605,3.03999996185303,17,938.399990081787,23,281.520002365112,40.7999993866565
1447.00,Acme May,Beauty,Acme,26.0699996948242,4.23000001907349,21,938.519989013672,36,281.555996704102,26.0699996948242
1448.00,Harbor Onto,Electronics,Harbor,1226.78002929688,2.90000009536743,25,50297.9812011719,41,15089.3943603516,1226.78002929688
1449.00,Pulse Weight,Automotive,Pulse,354.290008544922,4.17999982833862,17,9565.83013916016,27,2869.74897766113,354.29000674977
1450.00,Zenith Should,Clothing,Zenith,108.379997253418,2.96000003814697,18,2601.11993408203,24,780.335980224609,108.379997253418
1451.00,Solace Know,Automotive,Solace,598.27001953125,3.72000002861023,19,14358.48046875,24,4307.544140625,598.27001953125
1452.00,Harbor Significant,Home & Kitchen,Harbor,505.820007324219,2.92000007629395,23,14162.9600830078,28,4248.88793945313,505.820005555084
1453.00,Nimbus Or,Home & Kitchen,Nimbus,189.880004882813,2.72000002861023,16,3987.48010253906,21,1196.24403076172,189.880004882813
1454.00,Zenith Left,Beauty,Zenith,178.759994506836,4.07000017166138,28,6256.59989929199,35,1876.98003387451,178.759995596749
1455.00,Pulse Natural,Home & Kitchen,Pulse,91.3300018310547,3.0699999332428,19,2557.24002075195,28,767.171984863281,91.3300012956586
1456.00,Willow Service,Sports,Willow,77.629997253418,2.92000007629395,21,2561.78992462158,33,768.536988067627,77.629997495621
1457.00,GreenLeaf Study,Sports,GreenLeaf,58.8300018310547,3.32999992370605,23,1764.90005493164,30,529.470016479492,58.8300018310547
1458.00,NeoTech Leader,Automotive,NeoTech,29.0799999237061,4.44000005722046,26,959.639995574951,33,287.891997337341,29.0799998992529
1459.00,Harbor Much,Pet Supplies,Harbor,30.0100002288818,2.58999991416931,21,900.300003051758,30,270.089998245239,30.0100001710834
1460.00,Solace Top,Pet Supplies,Solace,46.1199989318848,4.80999994277954,26,1798.6799697876,39,539.603998947144,46.1199990786039
1461.00,Willow Pressure,Toys,Willow,83.1399993896484,3.53999996185303,22,2411.0599822998,29,723.317994689941,83.1399993896484
1462.00,Zenith Happy,Electronics,Zenith,951.690002441406,3.57999992370605,26,29502.3901367188,31,8850.71708374024,951.690003223908
1463.00,Harbor Doctor,Books,Harbor,8.4399995803833,3.6800000667572,18,219.439990997314,26,65.8319986343384,8.43999961570457
1464.00,Pulse Production,Beauty,Pulse,28.3700008392334,2.53999996185303,17,652.51001739502,23,195.753003883362,28.3700008018344
1465.00,Astra Happen,Beauty,Astra,111.790000915527,4.21000003814697,23,3353.70001983643,30,1006.11000061035,111.790000804956
1466.00,Orion Fund,Beauty,Orion,104.540000915527,3.28999996185303,33,4599.76000976563,44,1379.92798156738,104.540000607269
1467.00,Everest Great,Sports,Everest,342.980010986328,4.30999994277954,23,11318.3400878906,33,3395.50183410645,342.980007005774
1468.00,NeoTech Town,Automotive,NeoTech,212.100006103516,2.70000004768372,21,6575.10012817383,31,1972.52999572754,212.100005134704
1469.00,Orion Method,Clothing,Orion,88.870002746582,2.84999990463257,21,2843.83999633789,32,853.151934814453,88.870001293364
1470.00,Willow Against,Groceries,Willow,7.40999984741211,4.13000011444092,19,222.299995422363,30,66.689998626709,7.40999984741211
1471.00,NeoTech Writer,Sports,NeoTech,161.149993896484,3.39000010490417,24,4995.64984130859,31,1498.69497375488,161.14999432034
1472.00,Zenith Rate,Toys,Zenith,40.7099990844727,3.52999997138977,16,814.199981689453,20,244.259994506836,40.7099990844727
1473.00,Orion Former,Toys,Orion,88.3899993896484,3.14000010490417,23,3005.2600402832,34,901.57805480957,88.3900002742159
1474.00,Astra Write,Groceries,Astra,11.3100004196167,4.3899998664856,25,395.850011825562,35,118.755001544952,11.3100003829369
1475.00,Nimbus Place,Electronics,Nimbus,651.599975585938,3.9300000667572,26,21502.7994384766,33,6450.84000244141,651.599978715945
1476.00,Nimbus Sound,Books,Nimbus,22.3600006103516,3.86999988555908,22,670.800018310547,30,201.240005493164,22.3600006103516
1477.00,GreenLeaf East,Beauty,GreenLeaf,25.9599990844727,3.29999995231628,26,908.599967956543,35,272.579990386963,25.9599990844727
1478.00,Astra Deal,Toys,Astra,109.349998474121,2.52999997138977,27,3936.59992980957,36,1180.97996826172,109.349998285741
1479.00,Pulse Pm,Electronics,Pulse,624.52001953125,2.69000005722046,15,10616.8403320313,17,3185.05209960937,624.52001953125
1480.00,GreenLeaf Deal,Pet Supplies,GreenLeaf,20.6800003051758,4.80999994277954,19,661.760009765625,32,198.528002929688,20.6800003051758
1481.00,Harbor Act,Beauty,Harbor,166.369995117188,4.23000001907349,23,4991.09985351563,30,1497.32995605469,166.369995117188
1482.00,Harbor Per,Pet Supplies,Harbor,37.9000015258789,4.84999990463257,13,758.000015258789,20,227.399993896484,37.9000011346279
1483.00,Astra Cup,Pet Supplies,Astra,77.9899978637695,4.67999982833862,24,2885.62995147705,37,865.68900680542,77.9899982876248
1484.00,Astra Key,Electronics,Astra,475.649993896484,3.4300000667572,21,11891.249786377,25,3567.37489318848,475.649992927672
1485.00,Pulse Lose,Electronics,Pulse,850.609985351563,4.57999992370605,21,25518.2996826172,30,7655.48999023438,850.609987289186
1486.00,Acme Key,Home & Kitchen,Acme,151.5,3.03999996185303,23,4848,32,1454.4,151.5
1487.00,Zenith Ago,Books,Zenith,52.0999984741211,2.99000000953674,20,1458.79997253418,28,437.640002441406,52.0999987284342
1488.00,Zenith Like,Books,Zenith,46.5900001525879,3,34,2049.96001434326,44,614.988009643555,46.5900002273859
1489.00,Everest Now,Pet Supplies,Everest,40,3.23000001907349,32,1640,41,492,40
1490.00,Orion Total,Clothing,Orion,158.039993286133,3.01999998092651,22,5689.43981933594,36,1706.83198852539,158.039994210908
1491.00,Zenith Society,Sports,Zenith,153.199996948242,4.46999979019165,22,5668.39994812012,37,1700.52002716064,153.199997873017
1492.00,Nimbus Economic,Toys,Nimbus,119.019996643066,4.84999990463257,28,5355.89987945557,45,1606.76998519897,119.019997006371
1493.00,Solace Lead,Electronics,Solace,992.559997558594,3.09999990463257,27,38709.8397216797,39,11612.9517883301,992.559995298033
1494.00,NeoTech Often,Books,NeoTech,18.4500007629395,4.1100001335144,20,571.950008392334,31,171.584991836548,18.4500005086263
1495.00,Acme Soldier,Clothing,Acme,262.790008544922,4.30000019073486,24,9460.44021606445,36,2838.13200073242,262.790007273356
1496.00,Astra Cost,Beauty,Astra,52.25,3.3199999332428,17,992.75,19,297.825,52.25
1497.00,Harbor Power,Electronics,Harbor,944.559997558594,4.15999984741211,19,25503.1198120117,27,7650.9358581543,944.559995417009
1498.00,Acme Take,Clothing,Acme,207.25,2.83999991416931,12,3108.75,15,932.625,207.25
1499.00,Orion Follow,Automotive,Orion,598.630004882813,2.84999990463257,33,28135.6102294922,47,8440.68306884766,598.630004882813
1500.00,Nimbus Agree,Automotive,Nimbus,746.510009765625,4.75,18,17916.240234375,24,5374.8720703125,746.510009765625
1501.00,Willow Wind,Books,Willow,17.2800006866455,3.83999991416931,25,552.960020065308,32,165.888004684448,17.2800006612142
1502.00,Willow Dark,Pet Supplies,Willow,71.0199966430664,3.28999996185303,21,1988.55991363525,28,596.567979431152,71.0199967641679
1503.00,NeoTech Interesting,Automotive,NeoTech,126.599998474121,2.94000005722046,21,4177.79992675781,33,1253.33996200562,126.599998110817
1504.00,Harbor Return,Electronics,Harbor,1206.27001953125,3.11999988555908,21,31363.0205078125,26,9408.90615234375,1206.27001953125
1505.00,NeoTech Score,Clothing,NeoTech,142.270004272461,3.53999996185303,28,5833.07011413574,41,1749.92099151611,142.270003545852
1506.00,Nimbus Support,Home & Kitchen,Nimbus,186.050003051758,3.0699999332428,17,4465.20010375977,24,1339.56005249023,186.050003650142
1507.00,Harbor Thousand,Sports,Harbor,317.380004882813,3.82999992370605,16,6347.60009765625,20,1904.28002929688,317.380004882813
1508.00,Pulse Ok,Electronics,Pulse,1016.69000244141,4.32000017166138,13,18300.4201660156,18,5490.12613525391,1016.69000557141
1509.00,Everest Reach,Beauty,Everest,30.0900001525879,3.59999990463257,20,1113.32998275757,37,333.998978805542,30.0899997711182
1510.00,GreenLeaf Reduce,Pet Supplies,GreenLeaf,93.5800018310547,4.46999979019165,18,2526.66003417969,27,757.997999572754,93.5800015484845
1511.00,GreenLeaf Push,Books,GreenLeaf,52.2900009155273,3.49000000953674,31,2353.05002593994,45,705.91499710083,52.2900007514543
1512.00,Harbor Discover,Books,Harbor,51.4500007629395,4.21999979019165,22,1337.70002365112,26,401.310009765625,51.4500008207379
1513.00,Zenith Firm,Electronics,Zenith,720.049987792969,3.66000008583069,20,20881.4495239258,29,6264.43477172852,720.049985758463
1514.00,NeoTech Into,Toys,NeoTech,61.1399993896484,3.64000010490417,14,1039.37998962402,17,311.813996887207,61.1399993896484
1515.00,Zenith Reduce,Home & Kitchen,Zenith,40.7999992370605,3.99000000953674,23,1305.59997558594,32,391.679992675781,40.7999992370605
1516.00,Everest Truth,Beauty,Everest,104.120002746582,3.5699999332428,29,4373.04004669189,42,1311.91196594238,104.120001957334
1517.00,GreenLeaf Present,Clothing,GreenLeaf,233.699996948242,4.03999996185303,26,8880.59983825684,38,2664.17991943359,233.699996361366
1518.00,Zenith Board,Beauty,Zenith,128.529998779297,2.94000005722046,21,3984.4299621582,31,1195.32898864746,128.529998779297
1519.00,Harbor Issue,Clothing,Harbor,130.869995117188,4.32000017166138,25,3795.22985839844,29,1138.56895751953,130.869995117188
1520.00,Pulse Chair,Sports,Pulse,205,4.42999982833862,21,7380,36,2214,205
1521.00,Acme Likely,Automotive,Acme,818.590026855469,4.6100001335144,18,20464.7506103516,25,6139.42514038086,818.590025725188
1522.00,Harbor Draw,Toys,Harbor,43.7000007629395,4.6399998664856,22,1573.200050354,36,471.96003112793,43.7000011097301
1523.00,Pulse Require,Groceries,Pulse,6.59999990463257,3.22000002861023,15,164.99999666214,25,49.4999983310699,6.59999988343981
1524.00,Zenith Along,Pet Supplies,Zenith,29.6700000762939,2.59999990463257,28,1364.82001686096,46,409.446014404297,29.6700002352397
1525.00,Astra On,Clothing,Astra,134.220001220703,3.8199999332428,26,5771.46005249023,43,1731.43801574707,134.220001220703
1526.00,Orion Defense,Clothing,Orion,117.089996337891,4.3600001335144,18,3278.51989746094,28,983.555969238281,117.089996337891
1527.00,Willow Result,Electronics,Willow,2035.42004394531,3.86999988555908,23,73275.1201171875,36,21982.5350097656,2035.42002271569
1528.00,Pulse Behavior,Beauty,Pulse,150.710006713867,3.08999991416931,21,4370.59017944336,29,1311.17704315186,150.710006471664
1529.00,NeoTech Whom,Books,NeoTech,42.3400001525879,3.13000011444092,14,719.780002593994,17,215.934000778198,42.3400001525879
1530.00,NeoTech Collection,Sports,NeoTech,125.279998779297,2.50999999046326,21,3382.55996704102,27,1014.7679901123,125.279998779297
1531.00,Pulse Race,Pet Supplies,Pulse,49.1500015258789,2.79999995231628,20,1327.05003356934,27,398.115004730225,49.1500013987223
1532.00,NeoTech Admit,Electronics,NeoTech,137.820007324219,4.65000009536743,20,4548.06008911133,33,1364.41791992187,137.820004781087
1533.00,GreenLeaf Star,Beauty,GreenLeaf,156.639999389648,4.01999998092651,19,4229.28002929688,27,1268.78404083252,156.640000192743
1534.00,Zenith Trial,Beauty,Zenith,91.4000015258789,3.82999992370605,18,2193.60005187988,24,658.080026245117,91.4000018084491
1535.00,Astra Speak,Pet Supplies,Astra,48.0900001525879,4.67999982833862,21,1202.25000762939,25,360.675004959106,48.0900002131386
1536.00,Nimbus Wish,Clothing,Nimbus,37.1100006103516,3.92000007629395,16,890.640014648438,24,267.192004394531,37.1100006103516
1537.00,NeoTech Test,Groceries,NeoTech,9.22999954223633,4.21000003814697,18,258.439994812012,28,77.5320037841797,9.22999968352141
1538.00,Astra Pressure,Pet Supplies,Astra,72.4899978637695,2.74000000953674,17,2247.18997955322,31,674.157025909424,72.4899987613454
1539.00,Willow Into,Clothing,Willow,103.589996337891,2.57999992370605,24,3418.46987915039,33,1025.54096374512,103.589996337891
1540.00,Harbor Whom,Automotive,Harbor,148.660003662109,3.0699999332428,26,5203.10012817383,35,1560.93003845215,148.660003662109
1541.00,Solace Tv,Automotive,Solace,636.159973144531,3.9300000667572,21,15267.8393554688,24,4580.35180664063,636.159973144531
1542.00,Willow Message,Electronics,Willow,355.140014648438,2.51999998092651,23,12429.9005126953,35,3728.97015380859,355.140014648438
1543.00,Nimbus Attack,Beauty,Nimbus,147.110000610352,3.65000009536743,29,5884.39999389648,40,1765.31997680664,147.110000259575
1544.00,Harbor Will,Pet Supplies,Harbor,2.75,2.61999988555908,25,104.5,38,31.35,2.75
1545.00,NeoTech Everyone,Groceries,NeoTech,1.49000000953674,2.94000005722046,15,34.2699995040894,23,10.2809993505478,1.48999999364217
1546.00,Nimbus Head,Toys,Nimbus,100.300003051758,3.90000009536743,23,3510.50006103516,35,1053.14998626709,100.300002388332
1547.00,Orion Catch,Clothing,Orion,149.440002441406,3.91000008583069,25,5230.40008544922,35,1569.12002563477,149.440002441406
1548.00,Solace Life,Automotive,Solace,243.710006713867,3.41000008583069,18,7555.01016235352,31,2266.5030166626,243.710005866157
1549.00,GreenLeaf Drive,Books,GreenLeaf,13.8299999237061,4.67000007629395,17,318.090002059937,23,95.427003288269,13.829999998504
1550.00,Zenith Case,Books,Zenith,19.1900005340576,3.92000007629395,20,479.75001335144,25,143.925004005432,19.1900005340576
1551.00,GreenLeaf Reflect,Groceries,GreenLeaf,11.7799997329712,2.6800000667572,19,412.299995422363,35,123.690001964569,11.7799998166268
1552.00,Nimbus Key,Automotive,Nimbus,27.4699993133545,3.66000008583069,21,824.100002288818,30,247.230016708374,27.469999676659
1553.00,Pulse Together,Toys,Pulse,37.2299995422363,2.84999990463257,20,1042.43999099731,28,312.731999969483,37.2299996058146
1554.00,Astra Such,Pet Supplies,Astra,43.3499984741211,3.74000000953674,31,1907.39995574951,44,572.220002746582,43.3499987202306
1555.00,Acme Book,Automotive,Acme,238.080001831055,3.46000003814697,23,6904.32005310059,29,2071.29601593018,238.080001831055
1556.00,Harbor Population,Pet Supplies,Harbor,86.4800033569336,3.09999990463257,19,2075.52007293701,24,622.656016540527,86.4800032230846
1557.00,Acme Wait,Pet Supplies,Acme,75.9300003051758,4.1399998664856,27,2885.3399810791,38,865.601972961426,75.9299999284156
1558.00,Everest Factor,Clothing,Everest,142.380004882813,2.77999997138977,17,3274.74011230469,23,982.422033691406,142.380004882813
1559.00,Nimbus Bar,Books,Nimbus,42.4799995422363,3.86999988555908,23,1274.39999008179,30,382.319999694824,42.4799995975218
1560.00,Everest Bar,Electronics,Everest,1033.13000488281,4.30999994277954,19,24795.1201171875,24,7438.53603515625,1033.13000488281
1561.00,Nimbus Risk,Beauty,Nimbus,69.6800003051758,3.41000008583069,19,1742,25,522.599994659424,69.6800001713268
1562.00,GreenLeaf Character,Sports,GreenLeaf,184.979995727539,3.86999988555908,21,4994.45989990234,27,1498.33798065186,184.979995969742
1563.00,Everest Else,Books,Everest,15.8699998855591,2.70000004768372,15,317.399998664856,20,95.2200002670288,15.8699999067518
1564.00,GreenLeaf Lead,Groceries,GreenLeaf,10.4200000762939,3.28999996185303,25,427.220003128052,41,128.166000938415,10.4200000762939
1565.00,Pulse Decision,Toys,Pulse,50.0099983215332,4.5,26,1650.32994842529,33,495.098987197876,50.0099983704396
1566.00,Willow Entire,Groceries,Willow,23.7099990844727,3.58999991416931,23,829.849967956543,35,248.954990386963,23.7099990844727
1567.00,Zenith Myself,Sports,Zenith,77.3000030517578,4.30999994277954,15,1546.00003051758,20,463.799987792969,77.3000023735894
1568.00,Pulse Scientist,Groceries,Pulse,11.1499996185303,4.42000007629395,14,200.699993133545,18,60.2099979400635,11.1499996185303
1569.00,Everest Develop,Clothing,Everest,51.0499992370605,4.46000003814697,23,1531.49997329712,30,459.449989318848,51.0499991817751
1570.00,Willow Few,Beauty,Willow,130.559997558594,3.5,17,3263.99993896484,25,979.199981689453,130.559997558594
1571.00,Orion Garden,Groceries,Orion,34.5800018310547,3.89000010490417,24,1141.14004516602,33,342.342002868652,34.5800016191271
1572.00,Everest Stop,Pet Supplies,Everest,67.5100021362305,4.78999996185303,19,1687.75004577637,25,506.325008392334,67.5100020023815
1573.00,Zenith Civil,Toys,Zenith,50.6599998474121,3.61999988555908,14,962.53999710083,19,288.761999130249,50.6599998474121
1574.00,Solace Member,Sports,Solace,53.1599998474121,2.70000004768372,27,1860.59999084473,35,558.17999458313,53.1599998003171
1575.00,Nimbus Approach,Groceries,Nimbus,32.6300010681152,2.98000001907349,17,717.860019683838,22,215.358003234863,32.6300009933172
1576.00,Nimbus Treat,Sports,Nimbus,51.0400009155273,4.6399998664856,28,1888.48002624512,37,566.544002532959,51.0400008247012
1577.00,Solace Small,Toys,Solace,11.6199998855591,4.36999988555908,21,313.73999786377,27,94.1220000267029,11.6199999006968
1578.00,Pulse Sea,Pet Supplies,Pulse,111.25,3.30999994277954,27,4338.75,39,1301.625,111.25
1579.00,Willow Know,Automotive,Willow,124.870002746582,3.25,26,4620.19003295898,37,1386.05696182251,124.870001866267
1580.00,Everest Clear,Home & Kitchen,Everest,318.510009765625,4.78000020980835,17,6688.71020507813,21,2006.61306152344,318.510009765625
1581.00,Everest Skin,Automotive,Everest,225.320007324219,3.65000009536743,14,4506.40014648438,20,1351.92004394531,225.320007324219
1582.00,Solace Everyone,Clothing,Solace,242.110000610352,3.75999999046326,20,7505.41006469727,31,2251.62305145264,242.110001373291
1583.00,Orion Up,Groceries,Orion,13.539999961853,4.46000003814697,19,352.03999710083,26,105.611997795105,13.5399999283908
1584.00,NeoTech Rich,Groceries,NeoTech,1.21000003814697,4.17999982833862,16,22.9900007247925,19,6.89700021743774,1.21000003814697
1585.00,Everest Several,Home & Kitchen,Everest,45.5499992370605,3.36999988555908,29,1730.89996337891,38,519.269983673096,45.5499991493664
1586.00,Pulse Else,Books,Pulse,9.8100004196167,3.26999998092651,28,431.640011787415,44,129.49199886322,9.81000034014384
1587.00,Zenith Rich,Electronics,Zenith,658.349975585938,4.34000015258789,22,19750.4995117188,30,5925.15002441406,658.349979285038
1588.00,GreenLeaf Without,Beauty,GreenLeaf,132.559997558594,3.77999997138977,20,3579.11993408203,27,1073.73598022461,132.559997558594
1589.00,Harbor Else,Electronics,Harbor,175.720001220703,3.70000004768372,21,5623.03997802734,32,1686.91195068359,175.720000251891
1590.00,Solace Institution,Clothing,Solace,11.5699996948242,2.80999994277954,26,416.519989013672,36,124.955996704102,11.5699996948242
1591.00,Solace Scene,Clothing,Solace,24.9699993133545,4.5,22,724.129991531372,29,217.239005470276,24.9699994867498
1592.00,NeoTech Guy,Pet Supplies,NeoTech,44.1399993896484,4.44999980926514,15,750.379989624023,17,225.113996887207,44.1399993896484
1593.00,Harbor Eat,Clothing,Harbor,181.119995117188,4.17000007629395,19,4890.23986816406,27,1467.07196044922,181.119995117188
1594.00,Pulse Worker,Clothing,Pulse,83.7600021362305,4.15999984741211,25,3099.12005615234,37,929.736000823975,83.7600018310547
1595.00,Pulse Direction,Home & Kitchen,Pulse,214.619995117188,4.61999988555908,20,6223.97985839844,29,1867.19395751953,214.619995117188
1596.00,Pulse Eight,Beauty,Pulse,38.1599998474121,3.64000010490417,16,648.719997406006,17,194.615999221802,38.1599998474121
1597.00,Harbor Place,Books,Harbor,7.36999988555908,3.15000009536743,15,162.140000343323,22,48.6420021057129,7.36999994913737
1598.00,NeoTech Administration,Automotive,NeoTech,407.980010986328,3.50999999046326,17,12239.3999633789,30,3671.81973266602,407.980003805721
1599.00,Willow Report,Books,Willow,63.3300018310547,4.71000003814697,25,1836.57005310059,29,550.971015930176,63.3300018310547
1600.00,Harbor Significant,Sports,Harbor,28.7700004577637,3.61999988555908,21,834.330005645752,29,250.298996353149,28.7700003366622
1601.00,GreenLeaf Wall,Clothing,GreenLeaf,93.0699996948242,4.6100001335144,19,2885.16996002197,31,865.550966644287,93.0699991594281
1602.00,Everest Take,Clothing,Everest,260.170013427734,3.78999996185303,12,4683.06021118164,18,1404.91804199219,260.170012580024
1603.00,NeoTech Week,Sports,NeoTech,233.449996948242,4.40000009536743,22,7937.29985046387,34,2381.1899230957,233.449996254661
1604.00,Harbor Coach,Home & Kitchen,Harbor,104.379997253418,2.58999991416931,21,2713.87992858887,26,814.16397857666,104.379997253418
1605.00,Harbor Picture,Electronics,Harbor,492.640014648438,3.11999988555908,22,16257.1204833984,33,4877.13614501953,492.640014648438
1606.00,GreenLeaf Stage,Electronics,GreenLeaf,1097.9599609375,4.44999980926514,23,31840.8388671875,29,9552.25166015625,1097.9599609375
1607.00,Solace Institution,Beauty,Solace,65,2.94000005722046,23,1755,27,526.5,65
1608.00,Orion Whatever,Books,Orion,96.75,3.05999994277954,25,3192.75,33,957.825,96.75
1609.00,Nimbus Hold,Books,Nimbus,29.1499996185303,2.54999995231628,22,1020.24998092651,35,306.074990272522,29.1499995318326
1610.00,Everest Republican,Pet Supplies,Everest,77.4599990844727,3.27999997138977,30,3330.7799987793,43,999.23402633667,77.4599995083279
1611.00,Willow Benefit,Electronics,Willow,1028.88000488281,2.85999989509583,26,33953.0399169922,33,10185.9118041992,1028.8800017528
1612.00,Astra Five,Beauty,Astra,83.129997253418,3.67000007629395,28,3158.93991851807,38,947.681991577149,83.1299975258963
1613.00,Zenith Lawyer,Automotive,Zenith,734.260009765625,4.80999994277954,32,27901.8803710938,38,8370.56411132812,734.260009765625
1614.00,Solace Create,Clothing,Solace,97.4700012207031,2.92000007629395,30,4483.62005615234,46,1345.0860168457,97.4700012207031
1615.00,NeoTech Camera,Automotive,NeoTech,74.6100006103516,3.78999996185303,21,2089.08001708984,28,626.724005126953,74.6100006103516
1616.00,GreenLeaf Draw,Books,GreenLeaf,167.399993896484,4.07999992370605,19,5524.19995117188,33,1657.26009216309,167.399996573465
1617.00,Astra Plant,Automotive,Astra,788.840026855469,4.28999996185303,25,24454.0407104492,31,7336.21212768555,788.840025227865
1618.00,Acme Drug,Pet Supplies,Acme,43.3499984741211,3.70000004768372,20,1127.09996795654,26,338.129995727539,43.3499986012777
1619.00,Everest Imagine,Clothing,Everest,15.5200004577637,4.19999980926514,18,419.040012359619,27,125.712003707886,15.5200004577637
1620.00,Zenith Television,Books,Zenith,39.9599990844727,3.83999991416931,16,719.279983520508,18,215.783995056152,39.9599990844727
1621.00,Harbor College,Home & Kitchen,Harbor,15.1099996566772,4.76000022888184,21,392.859993934631,26,117.858000183106,15.1099997020903
1622.00,Willow Break,Beauty,Willow,5.28999996185303,2.61999988555908,32,259.209998130798,49,77.7629994392395,5.28999996185303
1623.00,Solace Support,Toys,Solace,82.9800033569336,3.49000000953674,23,2655.36009216309,32,796.608016967774,82.9800031357917
1624.00,Pulse Join,Clothing,Pulse,50.810001373291,4.6399998664856,22,1575.11001968384,31,472.532989883423,50.8100010265004
1625.00,Harbor Sort,Clothing,Harbor,146.809997558594,4.69999980926514,19,3817.05993652344,26,1145.11798095703,146.809997558594
1626.00,Nimbus Out,Groceries,Nimbus,30.1200008392334,4.19000005722046,17,692.76001739502,23,207.828003883362,30.1200008018344
1627.00,Nimbus Happy,Groceries,Nimbus,11.6700000762939,4.11999988555908,20,280.079998016357,24,84.0239967346191,11.6700000127157
1628.00,Zenith Necessary,Electronics,Zenith,473.619995117188,2.57999992370605,21,13734.9798583984,29,4120.49395751953,473.619995117188
1629.00,NeoTech Hope,Electronics,NeoTech,926.419982910156,3.44000005722046,17,24086.9197998047,26,7226.07611083984,926.419987697227
1630.00,Nimbus From,Electronics,Nimbus,1519.48999023438,3.98000001907349,20,42545.7202148438,28,12763.71640625,1519.4899983724
1631.00,Acme Real,Sports,Acme,154.570007324219,3.73000001907349,17,4018.82006835938,26,1205.64593505859,154.570004930683
1632.00,GreenLeaf Indicate,Groceries,GreenLeaf,15.6400003433228,3.09999990463257,21,469.200001716614,30,140.759994506836,15.6400002070836
1633.00,Nimbus Drive,Home & Kitchen,Nimbus,132.130004882813,3.84999990463257,17,2774.73010253906,21,832.419030761719,132.130004882813
1634.00,Pulse Outside,Electronics,Pulse,372.700012207031,4.42000007629395,19,8199.40026855469,22,2459.82008056641,372.700012207031
1635.00,Nimbus South,Home & Kitchen,Nimbus,207.669998168945,2.83999991416931,22,6230.09996032715,30,1869.0299987793,207.669998400139
1636.00,Solace Administration,Toys,Solace,16.9500007629395,3.09999990463257,20,389.85001373291,23,116.955001449585,16.9500006993612
1637.00,Harbor Tax,Automotive,Harbor,529.059997558594,3.77999997138977,24,16929.9201049805,32,5078.97615966797,529.060000101725
1638.00,Harbor Story,Home & Kitchen,Harbor,363.25,3.13000011444092,17,7265,20,2179.5,363.25
1639.00,Everest Single,Clothing,Everest,253.600006103516,3.94000005722046,29,9383.20022583008,37,2814.96006774902,253.600006103516
1640.00,GreenLeaf Do,Beauty,GreenLeaf,10.8699998855591,2.75,12,173.920000076294,16,52.1760013580322,10.869999938541
1641.00,NeoTech Purpose,Automotive,NeoTech,705.880004882813,3.24000000953674,31,32470.4798583984,46,9741.14370117188,705.88000094506
1642.00,Acme Design,Groceries,Acme,5.55000019073486,3.75999999046326,25,194.250003814697,35,58.2749991416931,5.55000015258789
1643.00,Acme Show,Clothing,Acme,58.7299995422363,3.63000011444092,21,2055.54999923706,35,616.665010452271,58.7299997844393
1644.00,Acme Field,Beauty,Acme,157.789993286133,2.50999999046326,29,7573.91973876953,48,2272.17596435547,157.789993987686
1645.00,Nimbus Much,Sports,Nimbus,223.279998779297,3.42000007629395,29,9601.04006958008,43,2880.31210632324,223.280000182404
1646.00,Orion Class,Sports,Orion,314.640014648438,4.51000022888184,20,9753.84033203125,31,2926.15201416016,314.640012613932
1647.00,Acme It,Clothing,Acme,118.800003051758,3.17000007629395,28,4395.60008239746,37,1318.68000335693,118.800002688453
1648.00,Everest Even,Beauty,Everest,124.309997558594,2.52999997138977,21,3853.60992431641,31,1156.08297729492,124.309997558594
1649.00,Harbor Goal,Sports,Harbor,361.549987792969,4.07000017166138,22,10123.3997192383,28,3037.01995849609,361.549988717744
1650.00,Solace Suffer,Books,Solace,71.0699996948242,4.19000005722046,18,1776.75000762939,25,533.025012969971,71.0699999773944
1651.00,Acme Those,Toys,Acme,109.529998779297,3.5699999332428,23,3724.01995849609,34,1117.20598754883,109.529998779297
1652.00,Nimbus Word,Sports,Nimbus,188.490005493164,3.65000009536743,29,8482.05001831055,45,2544.61484527588,188.490002862338
1653.00,Nimbus Control,Electronics,Nimbus,1187.64001464844,4.84999990463257,19,32066.2801513672,27,9619.88387451172,1187.64001036527
1654.00,GreenLeaf Eye,Sports,GreenLeaf,135.960006713867,3.52999997138977,33,6118.20025634766,45,1835.46004486084,135.96000625148
1655.00,Pulse Understand,Home & Kitchen,Pulse,75.5,4.09000015258789,22,2114,28,634.2,75.5
1656.00,Orion Administration,Pet Supplies,Orion,20.1299991607666,2.79999995231628,11,281.819988250732,14,84.5459964752198,20.1299991607666
1657.00,Solace Table,Groceries,Solace,25.9899997711182,4.6100001335144,18,675.739995956421,26,202.72200012207,25.9899998064394
1658.00,Harbor Agree,Clothing,Harbor,20.3700008392334,3.92000007629395,21,570.360021591187,28,171.108005142212,20.370000808958
1659.00,Willow Group,Pet Supplies,Willow,20.6499996185303,2.8199999332428,22,598.849992752075,29,179.655000495911,20.6499996763287
1660.00,GreenLeaf Medical,Clothing,GreenLeaf,113.120002746582,4.71999979019165,15,2375.52001190186,21,712.6559715271,113.120001729329
1661.00,Acme Thought,Toys,Acme,14.2600002288818,4.53000020980835,16,370.760000228882,26,111.227996063232,14.2600001166849
1662.00,Nimbus Difficult,Groceries,Nimbus,25.0599994659424,3.82999992370605,22,826.979990005493,33,248.094002342224,25.0599995815393
1663.00,NeoTech School,Home & Kitchen,NeoTech,75.4000015258789,3.84999990463257,27,2488.20003509521,33,746.459999847413,75.4000013374988
1664.00,Willow Her,Toys,Willow,44.5900001525879,3.08999991416931,23,1516.06001663208,34,454.818013000488,44.5900003184443
1665.00,Astra Might,Toys,Astra,76.5899963378906,4.30000019073486,26,2527.46990966797,33,758.240994262696,76.5899967291416
1666.00,GreenLeaf Different,Automotive,GreenLeaf,140.520004272461,4.32999992370605,23,4356.12008666992,31,1306.83599395752,140.520003609035
1667.00,Solace Serve,Toys,Solace,38.1100006103516,4.38000011444092,18,876.530014038086,23,262.959004211426,38.1100006103516
1668.00,GreenLeaf Recent,Clothing,GreenLeaf,47.0200004577637,2.74000000953674,19,1128.48000335693,24,338.543995666504,47.0200003239146
1669.00,Solace Media,Toys,Solace,115.919998168945,3.11999988555908,26,4173.11996459961,36,1251.93601074219,115.919998560196
1670.00,NeoTech Outside,Beauty,NeoTech,110.430000305176,2.77999997138977,21,2760.75001525879,25,828.225009918213,110.430000426277
1671.00,Nimbus Garden,Beauty,Nimbus,8.0600004196167,4.11999988555908,22,225.680010795593,28,67.704002571106,8.06000040516709
1672.00,NeoTech Career,Electronics,NeoTech,1257.52001953125,4.21000003814697,17,32695.5205078125,26,9808.65615234375,1257.52001953125
1673.00,Harbor Main,Beauty,Harbor,99.7799987792969,2.67000007629395,18,2394.71997070313,24,718.415991210938,99.7799987792969
1674.00,Orion Ahead,Electronics,Orion,786.400024414063,4.48999977111816,22,19660.0004882813,25,5898.00006103516,786.400022564512
1675.00,Solace Majority,Groceries,Solace,5.19999980926514,4.86999988555908,18,140.399997711182,27,42.1200013160706,5.19999986224704
1676.00,Acme Prevent,Groceries,Acme,3.69000005722046,4.25,16,70.1100006103516,19,21.0329998493195,3.69000004728635
1677.00,Nimbus Great,Home & Kitchen,Nimbus,300.670013427734,3.10999989509583,15,5412.06021118164,18,1623.61804199219,300.670012749566
1678.00,Orion Attack,Automotive,Orion,627.989990234375,4.03000020980835,22,17583.7197265625,28,5275.11591796875,627.989990234375
1679.00,GreenLeaf Wrong,Sports,GreenLeaf,215.600006103516,3.21000003814697,25,7977.20007324219,37,2393.15991516113,215.60000406901
1680.00,Willow Full,Automotive,Willow,294.929992675781,4,20,7963.10980224609,27,2388.93294067383,294.929992675781
1681.00,Astra Compare,Books,Astra,6.07999992370605,2.80999994277954,23,212.799997329712,35,63.8399991989136,6.07999992370605
1682.00,Orion Right,Toys,Orion,35.4000015258789,4.19000005722046,16,778.800025939941,22,233.640002441406,35.4000013762829
1683.00,NeoTech Make,Sports,NeoTech,71.5199966430664,4.53999996185303,22,2002.55992126465,28,600.767987060547,71.5199968742602
1684.00,Acme Anyone,Automotive,Acme,728.969970703125,4.11999988555908,17,16766.3093261719,23,5029.89279785156,728.969970703125
1685.00,Nimbus Return,Electronics,Nimbus,319.149993896484,4.15000009536743,23,10531.9498596191,33,3159.58500061035,319.149994781052
1686.00,Pulse Thing,Beauty,Pulse,134.710006713867,3.74000000953674,21,4176.01016235352,31,1252.8030166626,134.710005987258
1687.00,Orion Painting,Pet Supplies,Orion,10.3900003433228,4.23000001907349,25,301.31000995636,29,90.393002986908,10.3900003433228
1688.00,Zenith Mr,Sports,Zenith,59.25,4.51000022888184,27,1836.75,31,551.025,59.25
1689.00,Willow Condition,Sports,Willow,297.5,3.3199999332428,20,8330,28,2499,297.5
1690.00,Solace Professional,Sports,Solace,257.989990234375,4.19000005722046,21,8255.6796875,32,2476.70390625,257.989990234375
1691.00,Everest Stop,Automotive,Everest,893.719970703125,3.77999997138977,19,25024.1591796875,28,7507.24775390625,893.719970703125
1692.00,Acme Effect,Automotive,Acme,108.669998168945,4.6399998664856,18,3260.09999084473,30,978.030029296875,108.669999016656
1693.00,GreenLeaf Next,Books,GreenLeaf,21.0599994659424,3.5699999332428,17,463.319990158081,22,138.995998382568,21.0599995033414
1694.00,Solace Actually,Pet Supplies,Solace,34.1699981689453,4.82999992370605,20,1059.26996612549,31,317.781005859375,34.169998550415
1695.00,Pulse Look,Groceries,Pulse,11.710000038147,4.78000020980835,30,538.660005569458,46,161.598004341125,11.7100000805325
1696.00,Astra Woman,Clothing,Astra,313.720001220703,3.15000009536743,21,8156.7200012207,26,2447.01597900391,313.720000736297
1697.00,NeoTech Member,Toys,NeoTech,20.7099990844727,4.67000007629395,23,621.29997253418,30,186.389991760254,20.7099990844727
1698.00,GreenLeaf Day,Clothing,GreenLeaf,142.699996948242,4.17000007629395,21,4709.09994506836,33,1412.73001556396,142.699997674851
1699.00,Nimbus Hit,Electronics,Nimbus,494.839996337891,4.57000017166138,27,18803.9199523926,38,5641.17604980469,494.839997468171
1700.00,Harbor One,Automotive,Harbor,601.590026855469,2.51999998092651,22,17446.1106567383,29,5233.83311157227,601.590025005919
1701.00,Willow Executive,Electronics,Willow,513.320007324219,4.65999984741211,26,18479.5199584961,36,5543.85577392578,513.320003411709
1702.00,Pulse Set,Beauty,Pulse,154.050003051758,4.07000017166138,16,3389.10005187988,22,1016.73000488281,154.050002733866
1703.00,Willow Just,Beauty,Willow,165.029998779297,3.97000002861023,27,5941.07995605469,36,1782.32398681641,165.029998779297
1704.00,NeoTech Property,Books,NeoTech,83.5100021362305,4.32000017166138,23,2421.79005432129,29,726.537010955811,83.5100020256595
1705.00,Astra Marriage,Groceries,Astra,10.960000038147,4.15999984741211,21,339.760004043579,31,101.92800321579,10.96000008356
1706.00,Willow Measure,Electronics,Willow,970.099975585938,4.03999996185303,18,21342.1995849609,22,6402.6599609375,970.099977846499
1707.00,Willow Their,Electronics,Willow,988.619995117188,3.91000008583069,19,27681.3601074219,28,8304.408203125,988.619999400356
1708.00,Orion Room,Books,Orion,99.5400009155273,2.97000002861023,15,1891.26001739502,19,567.378005218506,99.5400009155273
1709.00,Nimbus Unit,Groceries,Nimbus,2.47000002861023,3.14000010490417,18,59.2800004482269,24,17.7839999675751,2.47000002419507
1710.00,Zenith Stay,Groceries,Zenith,16.5799999237061,4.8600001335144,23,547.139999389648,33,164.142001152039,16.5799999513488
1711.00,Acme Here,Electronics,Acme,929.72998046875,2.76999998092651,21,29751.359375,32,8925.4078125,929.72998046875
1712.00,Zenith Management,Home & Kitchen,Zenith,260.480010986328,3.54999995231628,22,7814.40026855469,30,2344.3200378418,260.480010061553
1713.00,Zenith Into,Toys,Zenith,37.7999992370605,4.17000007629395,31,1738.79997634888,46,521.640000915527,37.7999993601153
1714.00,NeoTech Trouble,Sports,NeoTech,303.149993896484,3.70000004768372,18,7275.5998840332,24,2182.67998657227,303.149994461625
1715.00,Everest Also,Groceries,Everest,5.73999977111816,4.13000011444092,19,143.499994277954,25,43.0499982833862,5.73999977111816
1716.00,Acme Surface,Toys,Acme,96.1900024414063,4.73000001907349,24,3270.46008300781,34,981.138024902343,96.1900024414063
1717.00,Orion Society,Electronics,Orion,1551.97998046875,4.75,18,37247.51953125,24,11174.255859375,1551.97998046875
1718.00,Acme Brother,Groceries,Acme,8.73999977111816,3.94000005722046,20,288.419992446899,33,86.5259977340698,8.73999977111816
1719.00,Zenith Natural,Home & Kitchen,Zenith,268.640014648438,3.9300000667572,24,7521.92041015625,28,2256.57612304688,268.640014648438
1720.00,Harbor Or,Pet Supplies,Harbor,6.69000005722046,3.83999991416931,19,173.940001487732,26,52.1820004463196,6.69000005722046
1721.00,Everest Investment,Home & Kitchen,Everest,343.279998779297,3.5699999332428,17,8238.71994018555,24,2471.61596069336,343.279998180913
1722.00,Everest Religious,Home & Kitchen,Everest,80.0999984741211,3.50999999046326,30,3043.799949646,38,913.139990234375,80.0999985588922
1723.00,Everest To,Pet Supplies,Everest,101.970001220703,3.5,27,3976.83004760742,39,1193.04901428223,101.970001220703
1724.00,NeoTech Mind,Electronics,NeoTech,846.609985351563,3.61999988555908,20,22858.4698486328,27,6857.54112548828,846.609989420573
1725.00,Willow Only,Beauty,Willow,96.9700012207031,2.63000011444092,25,2715.16003417969,28,814.548010253906,96.9700012207031
1726.00,Zenith Control,Toys,Zenith,25.8899993896484,4.40999984741211,22,699.029983520508,27,209.708995056152,25.8899993896484
1727.00,Harbor Resource,Home & Kitchen,Harbor,228.380004882813,3.51999998092651,21,7079.78015136719,31,2123.93404541016,228.380004882813
1728.00,Harbor Property,Books,Harbor,82.7699966430664,3.89000010490417,20,2317.55991363525,28,695.267979431153,82.769996770223
1729.00,NeoTech Third,Books,NeoTech,67.5199966430664,3.40000009536743,24,2295.67990875244,34,688.703988647461,67.5199969609578
1730.00,Zenith Investment,Beauty,Zenith,232.25,2.77999997138977,25,7432,32,2229.6,232.25
1731.00,GreenLeaf Glass,Electronics,GreenLeaf,798.599975585938,4.48000001907349,22,27152.3995361328,34,8145.7201171875,798.599981134588
1732.00,Pulse Baby,Electronics,Pulse,417.149993896484,2.63000011444092,20,14183.0997009277,34,4254.92984619141,417.149992370605
1733.00,Zenith Hour,Clothing,Zenith,166.639999389648,3.39000010490417,17,4166,25,1249.80001068115,166.63999968884
1734.00,Astra About,Home & Kitchen,Astra,68.370002746582,3.99000000953674,19,1572.51006317139,23,471.753018951416,68.370002746582
1735.00,Astra West,Groceries,Astra,13.039999961853,3.26999998092651,19,352.079997062683,27,105.623997783661,13.0399999283908
1736.00,GreenLeaf Reach,Groceries,GreenLeaf,5.65999984741211,2.70000004768372,24,192.439994812012,34,57.7319984436035,5.65999984741211
1737.00,Zenith Heart,Beauty,Zenith,92.2399978637695,4.75,26,3228.39993286133,35,968.519985198975,92.2399979615823
1738.00,Nimbus Wish,Pet Supplies,Nimbus,52.2599983215332,3.40000009536743,25,1829.09994506836,35,548.729986190796,52.2599983723958
1739.00,Everest Movie,Electronics,Everest,738.469970703125,3.72000002861023,24,26584.9189453125,36,7975.47568359375,738.469970703125
1740.00,Pulse Phone,Beauty,Pulse,184.899993896484,3.14000010490417,17,4807.39987182617,26,1442.21998291016,184.899994494868
1741.00,Solace Sound,Electronics,Solace,957.880004882813,2.72000002861023,28,29694.2801513672,31,8908.28404541016,957.880004882813
1742.00,GreenLeaf End,Electronics,GreenLeaf,814.299987792969,3.9300000667572,22,24428.9995727539,30,7328.69982910156,814.299986868194
1743.00,Zenith Happy,Home & Kitchen,Zenith,173.720001220703,4.53999996185303,15,4342.99990844727,25,1302.89988708496,173.71999850803
1744.00,Acme Artist,Electronics,Acme,1797.55004882813,3.21000003814697,15,39546.1005859375,22,11863.8298339844,1797.55003797743
1745.00,Solace Particular,Home & Kitchen,Solace,157.710006713867,4.82999992370605,26,5362.1402130127,34,1608.64205322266,157.710006518242
1746.00,Solace Step,Beauty,Solace,32.1599998474121,4.1399998664856,29,1543.68002319336,48,463.104028320313,32.1600001981889
1747.00,Zenith Protect,Home & Kitchen,Zenith,103.919998168945,4.57000017166138,21,3013.67999267578,29,904.104029846191,103.919998895554
1748.00,Solace Who,Toys,Solace,56.3400001525879,3.57999992370605,19,1408.50000762939,25,422.550004959107,56.3400002195124
1749.00,Zenith Discuss,Beauty,Zenith,25.9500007629395,2.50999999046326,29,1038.00001907349,40,311.399997711182,25.9500006313982
1750.00,Solace Possible,Books,Solace,61.3499984741211,2.86999988555908,25,2208.59997558594,36,662.580014038086,61.3499988810221
1751.00,Everest Make,Beauty,Everest,60.7000007629395,4.42999982833862,15,1214.00002288818,20,364.200012207031,60.7000009324816
1752.00,GreenLeaf Tell,Home & Kitchen,GreenLeaf,412.799987792969,3.25999999046326,26,16511.9996948242,40,4953.60003662109,412.799990140475
1753.00,Zenith View,Sports,Zenith,165.029998779297,4.69000005722046,19,4125.74996948242,25,1237.72499084473,165.029998779297
1754.00,Zenith Something,Groceries,Zenith,1.77999997138977,2.6800000667572,22,53.3999993801117,30,16.0199999809265,1.77999997500217
1755.00,GreenLeaf Star,Automotive,GreenLeaf,305.420013427734,3.32999992370605,18,8857.18026733398,29,2657.15399475098,305.420011167173
1756.00,Astra Book,Automotive,Astra,967.830017089844,2.92000007629395,24,32906.2204589844,34,9871.86605224609,967.830015394423
1757.00,Zenith Both,Home & Kitchen,Zenith,206.860000610352,4.71000003814697,18,5171.50003051758,25,1551.45001983643,206.860000892922
1758.00,Everest Whole,Pet Supplies,Everest,8.06999969482422,2.69000005722046,23,250.169990539551,31,75.0509971618653,8.06999969482422
1759.00,NeoTech Story,Sports,NeoTech,407.540008544922,4.57999992370605,17,8965.88012695313,22,2689.76399536133,407.540007348154
1760.00,Everest Fast,Toys,Everest,24.9200000762939,2.95000004768372,32,1096.48001098633,44,328.944008636475,24.9200001557668
1761.00,Everest Line,Home & Kitchen,Everest,32.1500015258789,2.69000005722046,25,1125.25004577637,35,337.575008392334,32.1500014241536
1762.00,Harbor Vote,Electronics,Harbor,476.359985351563,3.07999992370605,25,16672.5994873047,35,5001.77984619141,476.359985351563
1763.00,Orion Who,Toys,Orion,79.3600006103516,3.35999989509583,26,2380.80001831055,30,714.240005493164,79.3600006103516
1764.00,Willow Maintain,Pet Supplies,Willow,30.7700004577637,4.69000005722046,28,1200.03000640869,39,360.008993911743,30.7700003215245
1765.00,GreenLeaf Its,Beauty,GreenLeaf,49.8400001525879,3.03999996185303,16,946.96000289917,19,284.088000869751,49.8400001525879
1766.00,Willow Purpose,Pet Supplies,Willow,64.2200012207031,3.50999999046326,30,3275.22006225586,51,982.566018676758,64.2200012207031
1767.00,Harbor Laugh,Beauty,Harbor,254.740005493164,4.73000001907349,31,10444.340133667,41,3133.30197601318,254.740004508726
1768.00,GreenLeaf Name,Beauty,GreenLeaf,29.5300006866455,3.77999997138977,24,944.96001625061,32,283.488000869751,29.5300006071726
1769.00,Acme Theory,Groceries,Acme,18.7600002288818,3.50999999046326,27,712.880002975464,38,213.863996887207,18.7600001582393
1770.00,Willow Film,Electronics,Willow,811.5,4.17000007629395,22,21910.5,27,6573.15,811.5
1771.00,GreenLeaf Guess,Sports,GreenLeaf,120.319999694824,4.3600001335144,23,4451.83995819092,37,1335.55196609497,120.31999925254
1772.00,Acme Then,Clothing,Acme,20.1800003051758,4.07000017166138,34,908.10001373291,45,272.430004119873,20.1800003051758
1773.00,Orion Event,Groceries,Orion,12.3400001525879,3.21000003814697,31,505.940006256104,41,151.782001876831,12.3400001525879
1774.00,Astra Take,Groceries,Astra,22.0100002288818,4.01999998092651,20,704.319999694824,32,211.295994567871,22.0100001017253
1775.00,Zenith Religious,Groceries,Zenith,23.5200004577637,4.55000019073486,18,705.599998474121,30,211.679988861084,23.5200001751935
1776.00,Orion Push,Books,Orion,56.2099990844727,4.59999990463257,24,1967.34999847412,35,590.205020904541,56.2099995083279
1777.00,NeoTech Continue,Pet Supplies,NeoTech,69.5699996948242,2.82999992370605,19,1878.38999938965,27,563.517005157471,69.5699998286732
1778.00,Solace Minute,Toys,Solace,10.289999961853,2.91000008583069,23,308.699999809265,30,92.6100006103516,10.2899999756744
1779.00,Orion Management,Clothing,Orion,57.5400009155273,4.3899998664856,24,1898.82000732422,33,569.645986175537,57.5400005976359
1780.00,Pulse Voice,Pet Supplies,Pulse,49.7299995422363,2.65000009536743,22,1342.70998764038,27,402.812996292114,49.7299995422363
1781.00,Pulse Central,Electronics,Pulse,984.200012207031,4.65999984741211,18,29526.0006103516,30,8857.80035400391,984.200016728154
1782.00,Zenith Security,Clothing,Zenith,66.1100006103516,4,23,2115.52001953125,32,634.656005859375,66.1100006103516
1783.00,Willow Culture,Home & Kitchen,Willow,56.5699996948242,4.17000007629395,18,1357.68000030518,24,407.304005432129,56.5699998361093
1784.00,Everest Beautiful,Sports,Everest,219.720001220703,3.76999998092651,27,7470.48001098633,34,2241.14398193359,219.720000843943
1785.00,Solace Even,Clothing,Solace,90.1500015258789,4.1100001335144,16,1983.30004119873,22,594.990017700195,90.1500016848246
1786.00,Astra Expect,Sports,Astra,48.6199989318848,4.88000011444092,24,1653.07997512817,34,495.924000549316,48.6199990908305
1787.00,Willow Forget,Clothing,Willow,160.190002441406,4.44999980926514,22,4645.51007080078,29,1393.65302124023,160.190002441406
1788.00,Zenith Study,Electronics,Zenith,391.829986572266,2.6800000667572,11,7052.93984985352,18,2115.88201904297,391.829989346591
1789.00,Willow Wall,Automotive,Willow,409.609985351563,4.48000001907349,22,13517.1295166016,33,4055.13885498047,409.609985351563
1790.00,Zenith Result,Sports,Zenith,403.079986572266,3.25999999046326,25,16123.1996154785,40,4836.95999145508,403.079988606771
1791.00,Acme Democratic,Groceries,Acme,9,3.17000007629395,29,378,42,113.4,9
1792.00,Harbor Notice,Pet Supplies,Harbor,70.7600021362305,3.75,18,1839.7600402832,26,551.928001403809,70.7600018536603
1793.00,Acme Marriage,Electronics,Acme,896.380004882813,3.47000002861023,21,26891.4000244141,30,8067.419921875,896.380002945188
1794.00,Willow Treatment,Automotive,Willow,576.969970703125,3.89000010490417,32,23078.798828125,40,6923.6396484375,576.969970703125
1795.00,Orion Focus,Home & Kitchen,Orion,386.25,2.76999998092651,18,10042.5,26,3012.75,386.25
1796.00,Zenith Military,Pet Supplies,Zenith,45.7200012207031,4.67999982833862,29,1737.36004638672,38,521.208013916016,45.7200012207031
1797.00,GreenLeaf Green,Automotive,GreenLeaf,187.990005493164,3.36999988555908,21,5827.69007873535,31,1748.30695953369,187.990004039946
1798.00,Harbor Reflect,Beauty,Harbor,116.23999786377,3.04999995231628,20,3138.47994995117,27,941.543990325928,116.239997990926
1799.00,Astra Protect,Groceries,Astra,20.7700004577637,3.10999989509583,23,685.410015106201,33,205.62300453186,20.7700004577637
1800.00,Astra Behavior,Clothing,Astra,113.980003356934,4.69999980926514,14,1709.700050354,15,512.910015106201,113.980003356934
1801.00,Harbor Wrong,Sports,Harbor,365.239990234375,3.11999988555908,27,12418.1596679688,34,3725.44790039063,365.239990234375
1802.00,Everest In,Toys,Everest,97.7200012207031,2.5699999332428,24,3127.0400390625,32,938.11201171875,97.7200012207031
1803.00,NeoTech Throughout,Beauty,NeoTech,73.0100021362305,2.71000003814697,23,2117.29004669189,29,635.187003326416,73.0100019150886
1804.00,Harbor Cost,Pet Supplies,Harbor,9.8100004196167,2.74000000953674,18,255.060009002686,26,76.5180013656616,9.81000038429543
1805.00,GreenLeaf Hear,Groceries,GreenLeaf,11.3699998855591,2.54999995231628,22,295.61999797821,26,88.6860000610352,11.3699999000087
1806.00,Nimbus Focus,Pet Supplies,Nimbus,54.3400001525879,4.40000009536743,27,2064.92001342773,38,619.476009368896,54.3400002467779
1807.00,Nimbus Maintain,Electronics,Nimbus,557.390014648438,3.67000007629395,18,12262.5803222656,22,3678.77409667969,557.390014648438
1808.00,Astra Pull,Pet Supplies,Astra,49.8800010681152,3.28999996185303,19,1346.76002120972,27,404.028001022339,49.8800009342662
1809.00,Zenith Board,Home & Kitchen,Zenith,131.75,2.76999998092651,16,3293.75,25,988.125,131.75
1810.00,NeoTech Tend,Clothing,NeoTech,61.1500015258789,3.48000001907349,27,2446.00003051758,40,733.799987792969,61.1500011491187
1811.00,Everest Child,Sports,Everest,197.070007324219,2.52999997138977,22,5715.03021240234,29,1714.5090637207,197.070007324219
1812.00,Zenith Partner,Automotive,Zenith,713.739990234375,4.36999988555908,24,26408.3796386719,37,7922.51389160156,713.739990234375
1813.00,Pulse Soon,Pet Supplies,Pulse,54.4099998474121,2.85999989509583,19,1577.88998031616,29,473.366983413696,54.409999579714
1814.00,Nimbus Prevent,Automotive,Nimbus,566.530029296875,2.61999988555908,20,14163.2506103516,25,4248.97509765625,566.53002726237
1815.00,Harbor Despite,Home & Kitchen,Harbor,241.729995727539,2.66000008583069,17,6043.24990844727,25,1812.97498321533,241.729996026731
1816.00,Willow Catch,Automotive,Willow,91.4199981689453,2.78999996185303,19,2651.17997741699,29,795.354014587402,91.4199987043414
1817.00,Harbor Not,Beauty,Harbor,87.5400009155273,2.91000008583069,25,2976.36000823975,34,892.907986450196,87.5400006103516
1818.00,Willow Prepare,Beauty,Willow,70.3899993896484,4.1100001335144,16,1548.57998657227,22,464.57399597168,70.3899993896484
1819.00,Everest Organization,Beauty,Everest,69.2200012207031,2.73000001907349,21,1868.94003295898,27,560.682009887695,69.2200012207031
1820.00,NeoTech Personal,Clothing,NeoTech,90.1900024414063,3.49000000953674,19,3066.46008300781,34,919.938024902344,90.1900024414063
1821.00,Orion Off,Electronics,Orion,852.119995117188,4.32000017166138,23,28119.9599609375,33,8435.98807373047,852.119996886322
1822.00,Orion Race,Automotive,Orion,492.480010986328,3.5699999332428,27,18221.7602233887,37,5466.52793884277,492.480008725767
1823.00,Willow Bit,Sports,Willow,215.559997558594,2.58999991416931,23,5604.55993652344,26,1681.36798095703,215.559997558594
1824.00,Solace Foreign,Electronics,Solace,1233.59997558594,3.48000001907349,22,44409.5997314453,36,13322.8803466797,1233.59998483369
1825.00,Solace People,Home & Kitchen,Solace,203.570007324219,4.11999988555908,26,6310.67022705078,31,1893.20106811524,203.570007324219
1826.00,Solace Guy,Clothing,Solace,117.720001220703,4.34000015258789,30,4708.80004882813,40,1412.64001464844,117.720001220703
1827.00,Acme Road,Home & Kitchen,Acme,125.559997558594,2.91000008583069,22,4017.919921875,32,1205.3759765625,125.559997558594
1828.00,Willow Cost,Books,Willow,54.8300018310547,3.04999995231628,19,1315.92004394531,24,394.776013183594,54.8300018310547
1829.00,Harbor Point,Clothing,Harbor,36.939998626709,3.88000011444092,25,1182.07995986938,32,354.623990631104,36.9399986775716
1830.00,Acme Chance,Electronics,Acme,1127.46997070313,3.01999998092651,18,27059.279296875,24,8117.7837890625,1127.46997070313
1831.00,Orion Fact,Beauty,Orion,169.789993286133,3.69000005722046,19,4414.53985595703,26,1324.36197814941,169.789993821529
1832.00,Orion Medical,Home & Kitchen,Orion,52.7700004577637,4.15999984741211,17,1477.56000518799,28,443.267996215821,52.7700003081677
1833.00,Orion Blood,Beauty,Orion,88.370002746582,4,23,2916.21002197266,33,874.862958526612,88.3700017514436
1834.00,Nimbus Person,Automotive,Nimbus,32.0800018310547,3.55999994277954,19,769.920036315918,24,230.976005554199,32.0800016972057
1835.00,Everest Indicate,Pet Supplies,Everest,76.8600006103516,4.07000017166138,24,2920.68002319336,38,876.204006958008,76.8600006103516
1836.00,Pulse Year,Toys,Pulse,56.3699989318848,4.09999990463257,18,1521.98998641968,27,456.597006607056,56.3699992144549
1837.00,Pulse Above,Toys,Pulse,72.870002746582,3.13000011444092,27,2477.580078125,34,743.274012756347,72.8700025582019
1838.00,Everest Several,Home & Kitchen,Everest,331.980010986328,3.01999998092651,18,8963.46020507813,27,2689.03799743652,331.980009290907
1839.00,Zenith Few,Sports,Zenith,180.710006713867,4.13000011444092,28,8131.95022583008,45,2439.58501434326,180.710005805606
1840.00,Orion Capital,Electronics,Orion,567.390014648438,3.21000003814697,23,20426.0405273438,36,6127.81215820313,567.390014648438
1841.00,Willow Local,Toys,Willow,58.5299987792969,3.04999995231628,27,2107.07995605469,36,632.123986816407,58.5299987792969
1842.00,Orion Kitchen,Books,Orion,29.1000003814697,4.11999988555908,29,1309.50002670288,45,392.850014686585,29.1000004910875
1843.00,Nimbus Near,Toys,Nimbus,33.1699981689453,4.36999988555908,16,696.569969177246,21,208.97099609375,33.169998327891
1844.00,Nimbus Size,Books,Nimbus,70.2300033569336,2.99000000953674,29,3090.1201171875,44,927.036013793945,70.2300030061568
1845.00,Nimbus Fill,Toys,Nimbus,74.8600006103516,4.69999980926514,14,1646.92001342773,22,494.07600402832,74.8600006103516
1846.00,Pulse Both,Groceries,Pulse,14.3000001907349,3.45000004768372,23,443.300007820129,31,132.990003681183,14.3000002183776
1847.00,GreenLeaf Goal,Electronics,GreenLeaf,1025.31005859375,4.09000015258789,15,22556.8205566406,22,6767.04565429688,1025.31004231771
1848.00,Astra Attorney,Automotive,Astra,392.649993896484,4.69999980926514,19,11779.4997558594,30,3533.8498840332,392.649992825692
1849.00,GreenLeaf List,Beauty,GreenLeaf,59.1300010681152,4.5,16,1419.12001800537,24,425.736000061035,59.1300009091695
1850.00,Willow Amount,Beauty,Willow,129.490005493164,3.70000004768372,31,5309.09020996094,41,1592.72705230713,129.490005329091
1851.00,Acme Wife,Pet Supplies,Acme,9.25,3.76999998092651,13,138.75,15,41.625,9.25
1852.00,Everest All,Automotive,Everest,643.140014648438,4.28999996185303,33,27655.0206298828,43,8296.50618896484,643.140014648438
1853.00,Orion After,Electronics,Orion,351.450012207031,3.22000002861023,24,9840.60034179688,28,2952.18010253906,351.450012207031
1854.00,Astra Key,Sports,Astra,376.309997558594,2.50999999046326,18,9031.44000244141,24,2709.43204345703,376.309998688874
1855.00,Acme Practice,Automotive,Acme,503.429992675781,3.16000008583069,24,18123.4799194336,36,5437.04410400391,503.429995218913
1856.00,GreenLeaf Somebody,Toys,GreenLeaf,69.5,4.46000003814697,24,2224,32,667.2,69.5
1857.00,GreenLeaf Improve,Toys,GreenLeaf,92.9899978637695,3.23000001907349,20,2510.72995758057,27,753.218997955322,92.9899981180827
1858.00,Everest Run,Books,Everest,54.5499992370605,4.30000019073486,22,1636.49996948242,30,490.94998550415,54.5499991214637
1859.00,Orion Coach,Electronics,Orion,1011.71002197266,4.55000019073486,23,33386.4301757813,33,10015.9286682129,1011.71001401155
1860.00,Everest Late,Clothing,Everest,86.6699981689453,3.46000003814697,26,3553.4700012207,41,1066.04105377197,86.6699991470728
1861.00,Acme Must,Books,Acme,47.060001373291,3.53999996185303,25,1600.0400352478,34,480.012002563476,47.0600012207031
1862.00,Zenith Guess,Groceries,Zenith,27.9099998474121,4.67999982833862,19,781.480007171631,28,234.444010162354,27.9100000481857
1863.00,Acme Half,Books,Acme,59.1500015258789,3.34999990463257,23,1892.80004119873,32,567.840007019043,59.150001415308
1864.00,Acme Age,Home & Kitchen,Acme,200.839996337891,3.63000011444092,14,3815.9599609375,19,1144.78800964355,200.8399970645
1865.00,Everest Mrs,Books,Everest,46.7700004577637,3.49000000953674,22,1449.87000656128,31,434.960996627808,46.7700003421668
1866.00,GreenLeaf Some,Home & Kitchen,GreenLeaf,21.9200000762939,2.77999997138977,19,613.760007858276,28,184.128006362915,21.9200001766807
1867.00,Acme Foot,Toys,Acme,93.8399963378906,3.96000003814697,19,2345.99990844727,25,703.799972534179,93.8399963378906
1868.00,Nimbus Foot,Sports,Nimbus,299.799987792969,4.40000009536743,22,9593.59973144531,32,2878.08000488281,299.799989642519
1869.00,Solace At,Books,Solace,8.47000026702881,4.32999992370605,32,398.090007781982,47,119.426998996735,8.47000021735827
1870.00,Acme Subject,Automotive,Acme,383.260009765625,3.16000008583069,27,15330.400390625,40,4599.1201171875,383.260009765625
1871.00,GreenLeaf Act,Clothing,GreenLeaf,118.360000610352,2.75,16,2722.2799987793,23,816.683988952637,118.36000029246
1872.00,Everest Budget,Electronics,Everest,1217.82995605469,3.29999995231628,23,37752.7288818359,31,11325.8188354492,1217.82995959296
1873.00,Acme When,Automotive,Acme,413.109985351563,3.86999988555908,16,8262.19970703125,20,2478.65991210938,413.109985351563
1874.00,Willow Show,Electronics,Willow,605.359985351563,3.55999994277954,25,16950.0795898438,28,5085.02387695313,605.359985351563
1875.00,Orion Serious,Toys,Orion,86.6699981689453,2.73000001907349,12,1646.73001098633,19,494.019035339356,86.6699994405111
1876.00,Willow Law,Beauty,Willow,67.4100036621094,4.38000011444092,14,1280.79005432129,19,384.237005615234,67.4100032988049
1877.00,Orion Miss,Toys,Orion,63.7099990844727,3.9300000667572,24,1911.29998016357,30,573.389999389649,63.7099991904365
1878.00,Pulse Computer,Home & Kitchen,Pulse,212.460006713867,4.51000022888184,16,4461.66011047363,21,1338.49801177979,212.460006078084
1879.00,NeoTech These,Groceries,NeoTech,18.5100002288818,4.80999994277954,27,666.360006332397,36,199.908000564575,18.5100002053343
1880.00,Orion Coach,Books,Orion,55.1399993896484,2.9300000667572,23,1929.8999786377,35,578.969993591309,55.1399993896484
1881.00,Acme Support,Books,Acme,36.2000007629395,4.69999980926514,24,1303.20001602173,36,390.959996795654,36.2000006039937
1882.00,Astra Tough,Electronics,Astra,1463.26000976563,4.71000003814697,17,33654.9799804688,23,10096.4938232422,1463.26000497855
1883.00,Pulse Still,Pet Supplies,Pulse,59.5900001525879,3.78999996185303,32,2681.55001831055,45,804.465013504029,59.5900002717972
1884.00,Everest Type,Groceries,Everest,15.6599998474121,3.23000001907349,14,344.519996643066,22,103.35599899292,15.6599998474121
1885.00,Zenith Catch,Home & Kitchen,Zenith,215.619995117188,2.75999999046326,23,6899.83984375,32,2069.951953125,215.619995117188
1886.00,Acme Best,Electronics,Acme,1325.06005859375,3.01999998092651,12,18550.8408203125,14,5565.25224609375,1325.06005859375
1887.00,Astra Work,Books,Astra,10.4700002670288,2.83999991416931,12,146.580003738403,14,43.974001121521,10.4700002670288
1888.00,NeoTech Late,Groceries,NeoTech,16.1399993896484,2.95000004768372,27,613.319976806641,38,183.995993041992,16.1399993896484
1889.00,Astra Lead,Electronics,Astra,188.479995727539,3.63000011444092,16,3958.0799407959,21,1187.42400360107,188.479996363322
1890.00,Harbor Growth,Toys,Harbor,83.3399963378906,4,26,3000.23991394043,36,900.072006225586,83.3399969247671
1891.00,Nimbus Figure,Books,Nimbus,56.7700004577637,2.73000001907349,26,2497.88000106812,44,749.363986968994,56.7700002132318
1892.00,Willow Need,Electronics,Willow,1287.94995117188,4.71000003814697,20,45078.2495117188,35,13523.4757080078,1287.94997151693
1893.00,Orion Manage,Books,Orion,24.2199993133545,3.65000009536743,23,847.699998855591,35,254.310015678406,24.2199996450673
1894.00,NeoTech Must,Clothing,NeoTech,51.6500015258789,2.55999994277954,24,1756.10004425049,34,526.83000793457,51.6500014199151
1895.00,GreenLeaf Into,Electronics,GreenLeaf,418.779998779297,4,21,12982.1798706055,31,3894.65389709473,418.779997326079
1896.00,Everest Response,Automotive,Everest,278.739990234375,3.70000004768372,25,10034.6396484375,36,3010.39189453125,278.739990234375
1897.00,Nimbus Expert,Beauty,Nimbus,127.419998168945,2.95000004768372,16,2675.81997680664,21,802.746003723145,127.419998486837
1898.00,Astra Process,Pet Supplies,Astra,131.289993286133,3.75999999046326,20,3938.69982910156,30,1181.60997009277,131.289993794759
1899.00,Everest International,Toys,Everest,49.7700004577637,3.47000002861023,23,1443.33000946045,29,432.999000167847,49.7700004024782
1900.00,NeoTech Guess,Electronics,NeoTech,1351.78002929688,2.79999995231628,25,36498.0607910156,27,10949.4182373047,1351.78002929688
1901.00,Nimbus Wide,Pet Supplies,Nimbus,94.5899963378906,3.94000005722046,21,3026.8798828125,32,908.06396484375,94.5899963378906
1902.00,Acme Such,Sports,Acme,165.589996337891,3.45000004768372,22,5464.46987915039,33,1639.34096374512,165.589996337891
1903.00,Everest Number,Beauty,Everest,184.429992675781,3.84999990463257,22,4979.60980224609,27,1493.88294067383,184.429992675781
1904.00,Everest Become,Clothing,Everest,215.5,4.1399998664856,25,8620,40,2586,215.5
1905.00,GreenLeaf Race,Groceries,GreenLeaf,3.3199999332428,3.33999991416931,23,122.839998483658,37,36.8520002126694,3.31999994706416
1906.00,GreenLeaf Sport,Books,GreenLeaf,17.7299995422363,3,17,407.789989471436,23,122.336996841431,17.7299995422363
1907.00,Nimbus Stay,Toys,Nimbus,34.9599990844727,3.83999991416931,27,1608.15995788574,46,482.447987365723,34.9599990844727
1908.00,Nimbus Whose,Clothing,Nimbus,51.7799987792969,3.80999994277954,17,1035.59997558594,20,310.679992675781,51.7799987792969
1909.00,Orion Head,Beauty,Orion,69,2.73000001907349,14,1173,17,351.9,69
1910.00,Nimbus Possible,Clothing,Nimbus,76.1900024414063,3.13000011444092,23,2514.27008056641,33,754.281024169922,76.1900024414063
1911.00,Solace Will,Pet Supplies,Solace,72.6399993896484,3.95000004768372,22,2251.8399810791,31,675.55199432373,72.6399993896484
1912.00,NeoTech Imagine,Beauty,NeoTech,257.279998779297,3.86999988555908,18,8232.96008300781,32,2469.88811035156,257.280001039858
1913.00,NeoTech Information,Groceries,NeoTech,7.76000022888184,4.11999988555908,23,240.560007095337,31,72.1680021286011,7.76000022888184
1914.00,Astra Thing,Electronics,Astra,948.690002441406,3.36999988555908,23,27512.0101318359,29,8253.60308227539,948.690003325974
1915.00,Solace Or,Groceries,Solace,2.41000008583069,2.99000000953674,24,74.7100024223328,31,22.4130005598068,2.41000008251932
1916.00,GreenLeaf Feel,Home & Kitchen,GreenLeaf,286.989990234375,4.30999994277954,21,7748.72973632813,27,2324.61892089844,286.989990234375
1917.00,Everest Possible,Electronics,Everest,503.480010986328,3.00999999046326,20,12083.5202636719,24,3625.05607910156,503.480010986328
1918.00,Harbor Close,Sports,Harbor,103.580001831055,3.9300000667572,23,3418.14004516602,33,1025.44200286865,103.580001609913
1919.00,GreenLeaf Look,Beauty,GreenLeaf,40.8400001525879,4.01000022888184,24,1225.20000076294,30,367.559997558594,40.840000099606
1920.00,Pulse Against,Sports,Pulse,175.830001831055,4.05000019073486,26,6505.71005249023,37,1951.71300506592,175.830001635429
1921.00,GreenLeaf Voice,Automotive,GreenLeaf,124.910003662109,3.33999991416931,24,4496.76013183594,36,1349.02803955078,124.910003662109
1922.00,Acme Type,Automotive,Acme,201.360000610352,2.78999996185303,31,9262.56008911133,46,2778.76806945801,201.360001266644
1923.00,Solace Surface,Toys,Solace,38.310001373291,3.16000008583069,26,1417.47004318237,37,425.241007614136,38.3100012754783
1924.00,Acme Sign,Books,Acme,5.57999992370605,3.74000000953674,12,89.2799987792969,16,26.7839996337891,5.57999992370605
1925.00,Willow Hospital,Automotive,Willow,1340.76000976563,3.45000004768372,30,56311.9204101563,42,16893.5761230469,1340.76000976563
1926.00,GreenLeaf If,Toys,GreenLeaf,47.0299987792969,4.38000011444092,21,1457.9299621582,31,437.378988647461,47.0299987792969
1927.00,Pulse Conference,Pet Supplies,Pulse,32.1100006103516,2.77999997138977,23,834.860015869141,26,250.458004760742,32.1100006103516
1928.00,Everest Coach,Beauty,Everest,31.9500007629395,3.01999998092651,22,1054.35001373291,33,316.304996109009,31.9500005895441
1929.00,Willow Front,Books,Willow,90.6500015258789,4.03999996185303,20,2356.90004730225,26,707.07001953125,90.6500016530355
1930.00,Harbor Fire,Home & Kitchen,Harbor,34.7700004577637,4.17999982833862,13,591.090003967285,17,177.326998519898,34.7700003599509
1931.00,Orion Make,Clothing,Orion,40.7700004577637,3.91000008583069,21,1426.95000076294,35,428.084989547729,40.7700002155607
1932.00,NeoTech Although,Beauty,NeoTech,87.4599990844727,2.52999997138977,23,2711.25998687744,31,813.378006744385,87.4599993056145
1933.00,Zenith Live,Pet Supplies,Zenith,86.0199966430664,3.76999998092651,20,1978.45992279053,23,593.537976837158,86.0199966430664
1934.00,NeoTech Song,Automotive,NeoTech,286.309997558594,4.73000001907349,18,7444.05993652344,26,2233.21798095703,286.309997558594
1935.00,NeoTech Watch,Books,NeoTech,77.2799987792969,3.82999992370605,20,2550.2399597168,33,765.071987915039,77.2799987792969
1936.00,Nimbus Safe,Automotive,Nimbus,413.420013427734,3.14000010490417,28,16536.8004455566,40,4961.04006958008,413.420012337821
1937.00,Pulse Reveal,Beauty,Pulse,159.289993286133,4,20,4937.98983764648,31,1481.3969833374,159.289994049072
1938.00,Harbor Himself,Books,Harbor,8.05000019073486,4.65999984741211,22,249.550005912781,31,74.8650017738343,8.05000019073486
1939.00,Solace Other,Pet Supplies,Solace,47.9599990844727,4.82999992370605,24,1486.75997924805,31,446.02799911499,47.9599991904365
1940.00,Acme Road,Sports,Acme,115.220001220703,2.77999997138977,29,5415.34005737305,47,1624.60201721191,115.220001220703
1941.00,Astra Sometimes,Pet Supplies,Astra,82.4000015258789,4.15999984741211,25,3213.6000213623,39,964.079979705811,82.4000010172526
1942.00,Everest School,Toys,Everest,24.9899997711182,3.76999998092651,18,649.739995956421,26,194.92200012207,24.9899998064394
1943.00,Nimbus More,Groceries,Nimbus,30.2600002288818,3.28999996185303,22,1028.84000015259,34,308.6519947052,30.2600001132849
1944.00,Nimbus East,Books,Nimbus,63.5,4.53999996185303,19,1524,24,457.2,63.5
1945.00,Astra Future,Pet Supplies,Astra,85.1999969482422,3.30999994277954,22,2215.19995117188,26,664.560006713867,85.1999974106297
1946.00,Solace Carry,Books,Solace,62.5800018310547,3.4300000667572,25,2190.30006408691,35,657.090019226074,62.5800018310547
1947.00,Acme Think,Books,Acme,78.1600036621094,3.10999989509583,20,2344.80006408691,30,703.439987182617,78.1600028991699
1948.00,GreenLeaf Front,Toys,GreenLeaf,39.0200004577637,4.73999977111816,21,1053.54000854492,27,316.061999893188,39.0200003972129
1949.00,Astra Make,Books,Astra,19.5400009155273,4.01000022888184,16,410.340015411377,21,123.102001953125,19.5400008360545
1950.00,Pulse No,Groceries,Pulse,25.3700008392334,3.09999990463257,18,507.400016784668,20,152.2200050354,25.3700008392334
1951.00,Willow Perform,Pet Supplies,Willow,44.5699996948242,3.5,25,1559.95001220703,35,467.985019683838,44.57
1952.00,GreenLeaf Action,Beauty,GreenLeaf,118.900001525879,3.02999997138977,30,4637.10007476807,39,1391.13003311157,118.900001695421
1953.00,Orion International,Electronics,Orion,955.5,4.13000011444092,24,30576,32,9172.8,955.5
1954.00,Astra Kitchen,Toys,Astra,26.5400009155273,2.63000011444092,22,690.040023803711,26,207.012007141113,26.5400009155273
1955.00,Astra Remain,Beauty,Astra,124.680000305176,4.88000011444092,23,4114.4400177002,33,1234.33201065063,124.680000415747
1956.00,Nimbus Table,Sports,Nimbus,300.070007324219,2.51999998092651,22,9302.17022705078,31,2790.65106811524,300.070007324219
1957.00,Zenith Conference,Pet Supplies,Zenith,45.1800003051758,2.72000002861023,20,1084.31999969482,24,325.295994567871,45.1800001780192
1958.00,Willow Go,Pet Supplies,Willow,94.620002746582,3.75999999046326,27,3690.18006134033,39,1107.05398635864,94.6200021814417
1959.00,Everest Television,Automotive,Everest,120.330001831055,2.99000000953674,23,3730.23004150391,31,1119.06900177002,120.330001609913
1960.00,Orion Owner,Electronics,Orion,738.02001953125,2.94000005722046,15,16236.4404296875,22,4870.93212890625,738.02001953125
1961.00,NeoTech Write,Electronics,NeoTech,1038.93994140625,3.1800000667572,21,33246.0786132813,32,9973.82392578125,1038.93994915675
1962.00,Everest Reality,Groceries,Everest,26.1299991607666,3.22000002861023,30,1254.23996925354,48,376.271997451782,26.1299992667304
1963.00,Orion Give,Clothing,Orion,172.169998168945,3.83999991416931,22,4820.75996398926,28,1446.22799987793,172.169998400139
1964.00,Willow Nation,Home & Kitchen,Willow,121.559997558594,3.15000009536743,25,4497.71990966797,37,1349.31597290039,121.559997558594
1965.00,Orion Child,Pet Supplies,Orion,81.4700012207031,3.09999990463257,30,3666.15005493164,45,1099.84501647949,81.4700012207031
1966.00,Astra These,Books,Astra,77.2099990844727,3.82999992370605,15,1853.04000854492,24,555.912023925781,77.2099997626411
1967.00,Harbor Reach,Pet Supplies,Harbor,18.8899993896484,2.82999992370605,22,661.149978637695,35,198.344993591309,18.8899993896484
1968.00,Nimbus Before,Home & Kitchen,Nimbus,375.679992675781,3.67000007629395,21,11646.0799560547,31,3493.82411499023,375.679995582217
1969.00,Pulse Worry,Automotive,Pulse,734.960021972656,3.08999991416931,20,20578.8804321289,28,6173.66400146484,734.960018920898
1970.00,Astra Success,Beauty,Astra,136.740005493164,4.48000001907349,26,5606.34016418457,41,1681.90200653076,136.740004710662
1971.00,Everest Source,Groceries,Everest,22.5900001525879,4.03000020980835,14,406.620002746582,18,121.986000823975,22.5900001525879
1972.00,Pulse Establish,Pet Supplies,Pulse,38.5299987792969,2.9300000667572,22,1310.01995849609,34,393.005987548828,38.5299987792969
1973.00,Pulse Design,Electronics,Pulse,416.779998779297,2.72000002861023,14,9169.15991210938,22,2750.7479309082,416.779997326079
1974.00,Astra Animal,Automotive,Astra,282.640014648438,4,21,8196.56036376953,29,2458.96806640625,282.640013679625
1975.00,Orion Mouth,Sports,Orion,278.140014648438,4.21999979019165,25,9456.76031494141,34,2837.02796630859,278.140012207031
1976.00,Orion Size,Beauty,Orion,133.710006713867,3.36999988555908,23,5482.11016845703,41,1644.63297576904,133.710005165874
1977.00,Solace Leave,Home & Kitchen,Solace,250.410003662109,3.29999995231628,25,9014.76007080078,36,2704.42797851563,250.410002848307
1978.00,Willow Imagine,Home & Kitchen,Willow,317.339996337891,3.25,15,6029.4599609375,19,1808.83800964356,317.339997016059
1979.00,NeoTech Our,Electronics,NeoTech,662.219970703125,2.75999999046326,20,16555.4993896484,25,4966.64990234375,662.21997273763
1980.00,Solace Door,Automotive,Solace,59.9000015258789,3.96000003814697,25,1976.70002746582,33,593.009992218018,59.9000012207031
1981.00,Pulse Fly,Groceries,Pulse,9.92000007629395,3.3199999332428,29,436.480003356934,44,130.94400100708,9.92000007629395
1982.00,Harbor Better,Electronics,Harbor,835.659973144531,4.28999996185303,18,17548.8594970703,21,5264.6578918457,835.659974274812
1983.00,Willow Message,Home & Kitchen,Willow,11.1199998855591,3.89000010490417,28,567.120000839233,51,170.136004924774,11.1199999650319
1984.00,Willow Eye,Books,Willow,84.8600006103516,3.07999992370605,32,3394.40002441406,40,1018.32000732422,84.8600006103516
1985.00,Solace System,Sports,Solace,18.8400001525879,4.59000015258789,12,282.600002288818,15,84.7800006866455,18.8400001525879
1986.00,Willow Somebody,Books,Willow,65.2399978637695,3.49000000953674,20,1565.75994873047,24,469.727984619141,65.2399978637695
1987.00,Astra Sea,Automotive,Astra,871.030029296875,3.23000001907349,24,28743.9909667969,33,8623.19729003906,871.030029296875
1988.00,Acme Character,Automotive,Acme,202.979995727539,3.25999999046326,19,5480.45989990234,27,1644.13798065186,202.979995995237
1989.00,GreenLeaf Major,Books,GreenLeaf,61.5699996948242,3.57999992370605,33,2893.79000091553,47,868.137010955811,61.5699998489534
1990.00,Zenith Page,Home & Kitchen,Zenith,431.119995117188,4.13000011444092,26,16382.5598144531,38,4914.76794433594,431.119995117188
1991.00,Nimbus Military,Sports,Nimbus,178.960006713867,3.5699999332428,26,6263.60020446777,35,1879.08003997803,178.960006322616
1992.00,Astra Particularly,Electronics,Astra,1166.23999023438,3.36999988555908,25,34987.1997070313,30,10496.1599121094,1166.23999023438
1993.00,Zenith Rise,Pet Supplies,Zenith,68.5999984741211,3.75,18,1714.99997711182,25,514.500003814697,68.5999987566913
1994.00,GreenLeaf Concern,Beauty,GreenLeaf,57.2099990844727,4.73999977111816,19,1659.0899810791,29,497.726999664307,57.2099992183217
1995.00,Willow Hear,Books,Willow,51.75,3.26999998092651,23,1811.25,35,543.375,51.75
1996.00,NeoTech Turn,Home & Kitchen,NeoTech,69.4599990844727,4.28000020980835,22,2292.17999267578,33,687.654013824463,69.4599994312633
1997.00,Zenith Board,Clothing,Zenith,106.669998168945,2.66000008583069,15,2560.08000183105,24,768.024032592773,106.669999186198
1998.00,Solace Practice,Beauty,Solace,105.480003356934,4.73000001907349,22,3480.84008789063,33,1044.25201034546,105.480003010143
1999.00,Willow Old,Automotive,Willow,116.129997253418,2.75,22,3367.7699432373,29,1010.33099899292,116.129997585131
2000.00,Harbor Whole,Books,Harbor,64.1100006103516,4.17000007629395,20,1602.75001525879,25,480.825004577637,64.1100006103516
